Traceback (most recent call last):
  File "/home/axa/public_html/jinja/passenger_wsgi.py", line 10, in <module>
    from app import app as application
  File "/home/axa/public_html/jinja/app.py", line 1, in <module>
    from flask import Flask, url_for, render_template, redirect, session, request
ModuleNotFoundError: No module named 'flask'
Traceback (most recent call last):
  File "/home/axa/public_html/jinja/passenger_wsgi.py", line 10, in <module>
    from app import app as application
  File "/home/axa/public_html/jinja/app.py", line 1, in <module>
    from flask import Flask, url_for, render_template, redirect, session, request
ModuleNotFoundError: No module named 'flask'
[UID:1488][624389] Child process with pid: 624394 was killed by signal: 15, core dumped: no
Traceback (most recent call last):
  File "/home/axa/public_html/jinja/passenger_wsgi.py", line 16, in <module>
    wsgi = load_source('wsgi', 'passenger_wsgi.py')
           ^^^^^^^^^^^^^^^^^^^^^^^^^^^^^^^^^^^^^^^^
  File "/home/axa/public_html/jinja/passenger_wsgi.py", line 13, in load_source
    loader.exec_module(module)
  File "<frozen importlib._bootstrap_external>", line 999, in exec_module
  File "<frozen importlib._bootstrap>", line 488, in _call_with_frames_removed
  File "passenger_wsgi.py", line 16, in <module>
    wsgi = load_source('wsgi', 'passenger_wsgi.py')
           ^^^^^^^^^^^^^^^^^^^^^^^^^^^^^^^^^^^^^^^^
  File "passenger_wsgi.py", line 13, in load_source
    loader.exec_module(module)
  File "<frozen importlib._bootstrap_external>", line 999, in exec_module
  File "<frozen importlib._bootstrap>", line 488, in _call_with_frames_removed
  File "passenger_wsgi.py", line 16, in <module>
    wsgi = load_source('wsgi', 'passenger_wsgi.py')
           ^^^^^^^^^^^^^^^^^^^^^^^^^^^^^^^^^^^^^^^^
  File "passenger_wsgi.py", line 13, in load_source
    loader.exec_module(module)
  File "<frozen importlib._bootstrap_external>", line 999, in exec_module
  File "<frozen importlib._bootstrap>", line 488, in _call_with_frames_removed
  File "passenger_wsgi.py", line 16, in <module>
    wsgi = load_source('wsgi', 'passenger_wsgi.py')
           ^^^^^^^^^^^^^^^^^^^^^^^^^^^^^^^^^^^^^^^^
  File "passenger_wsgi.py", line 13, in load_source
    loader.exec_module(module)
  File "<frozen importlib._bootstrap_external>", line 999, in exec_module
  File "<frozen importlib._bootstrap>", line 488, in _call_with_frames_removed
  File "passenger_wsgi.py", line 16, in <module>
    wsgi = load_source('wsgi', 'passenger_wsgi.py')
           ^^^^^^^^^^^^^^^^^^^^^^^^^^^^^^^^^^^^^^^^
  File "passenger_wsgi.py", line 13, in load_source
    loader.exec_module(module)
  File "<frozen importlib._bootstrap_external>", line 999, in exec_module
  File "<frozen importlib._bootstrap>", line 488, in _call_with_frames_removed
  File "passenger_wsgi.py", line 16, in <module>
    wsgi = load_source('wsgi', 'passenger_wsgi.py')
           ^^^^^^^^^^^^^^^^^^^^^^^^^^^^^^^^^^^^^^^^
  File "passenger_wsgi.py", line 13, in load_source
    loader.exec_module(module)
  File "<frozen importlib._bootstrap_external>", line 999, in exec_module
  File "<frozen importlib._bootstrap>", line 488, in _call_with_frames_removed
  File "passenger_wsgi.py", line 16, in <module>
    wsgi = load_source('wsgi', 'passenger_wsgi.py')
           ^^^^^^^^^^^^^^^^^^^^^^^^^^^^^^^^^^^^^^^^
  File "passenger_wsgi.py", line 13, in load_source
    loader.exec_module(module)
  File "<frozen importlib._bootstrap_external>", line 999, in exec_module
  File "<frozen importlib._bootstrap>", line 488, in _call_with_frames_removed
  File "passenger_wsgi.py", line 16, in <module>
    wsgi = load_source('wsgi', 'passenger_wsgi.py')
           ^^^^^^^^^^^^^^^^^^^^^^^^^^^^^^^^^^^^^^^^
  File "passenger_wsgi.py", line 13, in load_source
    loader.exec_module(module)
  File "<frozen importlib._bootstrap_external>", line 999, in exec_module
  File "<frozen importlib._bootstrap>", line 488, in _call_with_frames_removed
  File "passenger_wsgi.py", line 16, in <module>
    wsgi = load_source('wsgi', 'passenger_wsgi.py')
           ^^^^^^^^^^^^^^^^^^^^^^^^^^^^^^^^^^^^^^^^
  File "passenger_wsgi.py", line 13, in load_source
    loader.exec_module(module)
  File "<frozen importlib._bootstrap_external>", line 999, in exec_module
  File "<frozen importlib._bootstrap>", line 488, in _call_with_frames_removed
  File "passenger_wsgi.py", line 16, in <module>
    wsgi = load_source('wsgi', 'passenger_wsgi.py')
           ^^^^^^^^^^^^^^^^^^^^^^^^^^^^^^^^^^^^^^^^
  File "passenger_wsgi.py", line 13, in load_source
    loader.exec_module(module)
  File "<frozen importlib._bootstrap_external>", line 999, in exec_module
  File "<frozen importlib._bootstrap>", line 488, in _call_with_frames_removed
  File "passenger_wsgi.py", line 16, in <module>
    wsgi = load_source('wsgi', 'passenger_wsgi.py')
           ^^^^^^^^^^^^^^^^^^^^^^^^^^^^^^^^^^^^^^^^
  File "passenger_wsgi.py", line 13, in load_source
    loader.exec_module(module)
  File "<frozen importlib._bootstrap_external>", line 999, in exec_module
  File "<frozen importlib._bootstrap>", line 488, in _call_with_frames_removed
  File "passenger_wsgi.py", line 16, in <module>
    wsgi = load_source('wsgi', 'passenger_wsgi.py')
           ^^^^^^^^^^^^^^^^^^^^^^^^^^^^^^^^^^^^^^^^
  File "passenger_wsgi.py", line 13, in load_source
    loader.exec_module(module)
  File "<frozen importlib._bootstrap_external>", line 999, in exec_module
  File "<frozen importlib._bootstrap>", line 488, in _call_with_frames_removed
  File "passenger_wsgi.py", line 16, in <module>
    wsgi = load_source('wsgi', 'passenger_wsgi.py')
           ^^^^^^^^^^^^^^^^^^^^^^^^^^^^^^^^^^^^^^^^
  File "passenger_wsgi.py", line 13, in load_source
    loader.exec_module(module)
  File "<frozen importlib._bootstrap_external>", line 999, in exec_module
  File "<frozen importlib._bootstrap>", line 488, in _call_with_frames_removed
  File "passenger_wsgi.py", line 16, in <module>
    wsgi = load_source('wsgi', 'passenger_wsgi.py')
           ^^^^^^^^^^^^^^^^^^^^^^^^^^^^^^^^^^^^^^^^
  File "passenger_wsgi.py", line 13, in load_source
    loader.exec_module(module)
  File "<frozen importlib._bootstrap_external>", line 999, in exec_module
  File "<frozen importlib._bootstrap>", line 488, in _call_with_frames_removed
  File "passenger_wsgi.py", line 16, in <module>
    wsgi = load_source('wsgi', 'passenger_wsgi.py')
           ^^^^^^^^^^^^^^^^^^^^^^^^^^^^^^^^^^^^^^^^
  File "passenger_wsgi.py", line 13, in load_source
    loader.exec_module(module)
  File "<frozen importlib._bootstrap_external>", line 999, in exec_module
  File "<frozen importlib._bootstrap>", line 488, in _call_with_frames_removed
  File "passenger_wsgi.py", line 16, in <module>
    wsgi = load_source('wsgi', 'passenger_wsgi.py')
           ^^^^^^^^^^^^^^^^^^^^^^^^^^^^^^^^^^^^^^^^
  File "passenger_wsgi.py", line 13, in load_source
    loader.exec_module(module)
  File "<frozen importlib._bootstrap_external>", line 999, in exec_module
  File "<frozen importlib._bootstrap>", line 488, in _call_with_frames_removed
  File "passenger_wsgi.py", line 16, in <module>
    wsgi = load_source('wsgi', 'passenger_wsgi.py')
           ^^^^^^^^^^^^^^^^^^^^^^^^^^^^^^^^^^^^^^^^
  File "passenger_wsgi.py", line 13, in load_source
    loader.exec_module(module)
  File "<frozen importlib._bootstrap_external>", line 999, in exec_module
  File "<frozen importlib._bootstrap>", line 488, in _call_with_frames_removed
  File "passenger_wsgi.py", line 16, in <module>
    wsgi = load_source('wsgi', 'passenger_wsgi.py')
           ^^^^^^^^^^^^^^^^^^^^^^^^^^^^^^^^^^^^^^^^
  File "passenger_wsgi.py", line 13, in load_source
    loader.exec_module(module)
  File "<frozen importlib._bootstrap_external>", line 999, in exec_module
  File "<frozen importlib._bootstrap>", line 488, in _call_with_frames_removed
  File "passenger_wsgi.py", line 16, in <module>
    wsgi = load_source('wsgi', 'passenger_wsgi.py')
           ^^^^^^^^^^^^^^^^^^^^^^^^^^^^^^^^^^^^^^^^
  File "passenger_wsgi.py", line 13, in load_source
    loader.exec_module(module)
  File "<frozen importlib._bootstrap_external>", line 999, in exec_module
  File "<frozen importlib._bootstrap>", line 488, in _call_with_frames_removed
  File "passenger_wsgi.py", line 16, in <module>
    wsgi = load_source('wsgi', 'passenger_wsgi.py')
           ^^^^^^^^^^^^^^^^^^^^^^^^^^^^^^^^^^^^^^^^
  File "passenger_wsgi.py", line 13, in load_source
    loader.exec_module(module)
  File "<frozen importlib._bootstrap_external>", line 999, in exec_module
  File "<frozen importlib._bootstrap>", line 488, in _call_with_frames_removed
  File "passenger_wsgi.py", line 16, in <module>
    wsgi = load_source('wsgi', 'passenger_wsgi.py')
           ^^^^^^^^^^^^^^^^^^^^^^^^^^^^^^^^^^^^^^^^
  File "passenger_wsgi.py", line 13, in load_source
    loader.exec_module(module)
  File "<frozen importlib._bootstrap_external>", line 999, in exec_module
  File "<frozen importlib._bootstrap>", line 488, in _call_with_frames_removed
  File "passenger_wsgi.py", line 16, in <module>
    wsgi = load_source('wsgi', 'passenger_wsgi.py')
           ^^^^^^^^^^^^^^^^^^^^^^^^^^^^^^^^^^^^^^^^
  File "passenger_wsgi.py", line 13, in load_source
    loader.exec_module(module)
  File "<frozen importlib._bootstrap_external>", line 999, in exec_module
  File "<frozen importlib._bootstrap>", line 488, in _call_with_frames_removed
  File "passenger_wsgi.py", line 16, in <module>
    wsgi = load_source('wsgi', 'passenger_wsgi.py')
           ^^^^^^^^^^^^^^^^^^^^^^^^^^^^^^^^^^^^^^^^
  File "passenger_wsgi.py", line 13, in load_source
    loader.exec_module(module)
  File "<frozen importlib._bootstrap_external>", line 999, in exec_module
  File "<frozen importlib._bootstrap>", line 488, in _call_with_frames_removed
  File "passenger_wsgi.py", line 16, in <module>
    wsgi = load_source('wsgi', 'passenger_wsgi.py')
           ^^^^^^^^^^^^^^^^^^^^^^^^^^^^^^^^^^^^^^^^
  File "passenger_wsgi.py", line 13, in load_source
    loader.exec_module(module)
  File "<frozen importlib._bootstrap_external>", line 999, in exec_module
  File "<frozen importlib._bootstrap>", line 488, in _call_with_frames_removed
  File "passenger_wsgi.py", line 16, in <module>
    wsgi = load_source('wsgi', 'passenger_wsgi.py')
           ^^^^^^^^^^^^^^^^^^^^^^^^^^^^^^^^^^^^^^^^
  File "passenger_wsgi.py", line 13, in load_source
    loader.exec_module(module)
  File "<frozen importlib._bootstrap_external>", line 999, in exec_module
  File "<frozen importlib._bootstrap>", line 488, in _call_with_frames_removed
  File "passenger_wsgi.py", line 16, in <module>
    wsgi = load_source('wsgi', 'passenger_wsgi.py')
           ^^^^^^^^^^^^^^^^^^^^^^^^^^^^^^^^^^^^^^^^
  File "passenger_wsgi.py", line 13, in load_source
    loader.exec_module(module)
  File "<frozen importlib._bootstrap_external>", line 999, in exec_module
  File "<frozen importlib._bootstrap>", line 488, in _call_with_frames_removed
  File "passenger_wsgi.py", line 16, in <module>
    wsgi = load_source('wsgi', 'passenger_wsgi.py')
           ^^^^^^^^^^^^^^^^^^^^^^^^^^^^^^^^^^^^^^^^
  File "passenger_wsgi.py", line 13, in load_source
    loader.exec_module(module)
  File "<frozen importlib._bootstrap_external>", line 999, in exec_module
  File "<frozen importlib._bootstrap>", line 488, in _call_with_frames_removed
  File "passenger_wsgi.py", line 16, in <module>
    wsgi = load_source('wsgi', 'passenger_wsgi.py')
           ^^^^^^^^^^^^^^^^^^^^^^^^^^^^^^^^^^^^^^^^
  File "passenger_wsgi.py", line 13, in load_source
    loader.exec_module(module)
  File "<frozen importlib._bootstrap_external>", line 999, in exec_module
  File "<frozen importlib._bootstrap>", line 488, in _call_with_frames_removed
  File "passenger_wsgi.py", line 16, in <module>
    wsgi = load_source('wsgi', 'passenger_wsgi.py')
           ^^^^^^^^^^^^^^^^^^^^^^^^^^^^^^^^^^^^^^^^
  File "passenger_wsgi.py", line 13, in load_source
    loader.exec_module(module)
  File "<frozen importlib._bootstrap_external>", line 999, in exec_module
  File "<frozen importlib._bootstrap>", line 488, in _call_with_frames_removed
  File "passenger_wsgi.py", line 16, in <module>
    wsgi = load_source('wsgi', 'passenger_wsgi.py')
           ^^^^^^^^^^^^^^^^^^^^^^^^^^^^^^^^^^^^^^^^
  File "passenger_wsgi.py", line 13, in load_source
    loader.exec_module(module)
  File "<frozen importlib._bootstrap_external>", line 999, in exec_module
  File "<frozen importlib._bootstrap>", line 488, in _call_with_frames_removed
  File "passenger_wsgi.py", line 16, in <module>
    wsgi = load_source('wsgi', 'passenger_wsgi.py')
           ^^^^^^^^^^^^^^^^^^^^^^^^^^^^^^^^^^^^^^^^
  File "passenger_wsgi.py", line 13, in load_source
    loader.exec_module(module)
  File "<frozen importlib._bootstrap_external>", line 999, in exec_module
  File "<frozen importlib._bootstrap>", line 488, in _call_with_frames_removed
  File "passenger_wsgi.py", line 16, in <module>
    wsgi = load_source('wsgi', 'passenger_wsgi.py')
           ^^^^^^^^^^^^^^^^^^^^^^^^^^^^^^^^^^^^^^^^
  File "passenger_wsgi.py", line 13, in load_source
    loader.exec_module(module)
  File "<frozen importlib._bootstrap_external>", line 999, in exec_module
  File "<frozen importlib._bootstrap>", line 488, in _call_with_frames_removed
  File "passenger_wsgi.py", line 16, in <module>
    wsgi = load_source('wsgi', 'passenger_wsgi.py')
           ^^^^^^^^^^^^^^^^^^^^^^^^^^^^^^^^^^^^^^^^
  File "passenger_wsgi.py", line 13, in load_source
    loader.exec_module(module)
  File "<frozen importlib._bootstrap_external>", line 999, in exec_module
  File "<frozen importlib._bootstrap>", line 488, in _call_with_frames_removed
  File "passenger_wsgi.py", line 16, in <module>
    wsgi = load_source('wsgi', 'passenger_wsgi.py')
           ^^^^^^^^^^^^^^^^^^^^^^^^^^^^^^^^^^^^^^^^
  File "passenger_wsgi.py", line 13, in load_source
    loader.exec_module(module)
  File "<frozen importlib._bootstrap_external>", line 999, in exec_module
  File "<frozen importlib._bootstrap>", line 488, in _call_with_frames_removed
  File "passenger_wsgi.py", line 16, in <module>
    wsgi = load_source('wsgi', 'passenger_wsgi.py')
           ^^^^^^^^^^^^^^^^^^^^^^^^^^^^^^^^^^^^^^^^
  File "passenger_wsgi.py", line 13, in load_source
    loader.exec_module(module)
  File "<frozen importlib._bootstrap_external>", line 999, in exec_module
  File "<frozen importlib._bootstrap>", line 488, in _call_with_frames_removed
  File "passenger_wsgi.py", line 16, in <module>
    wsgi = load_source('wsgi', 'passenger_wsgi.py')
           ^^^^^^^^^^^^^^^^^^^^^^^^^^^^^^^^^^^^^^^^
  File "passenger_wsgi.py", line 13, in load_source
    loader.exec_module(module)
  File "<frozen importlib._bootstrap_external>", line 999, in exec_module
  File "<frozen importlib._bootstrap>", line 488, in _call_with_frames_removed
  File "passenger_wsgi.py", line 16, in <module>
    wsgi = load_source('wsgi', 'passenger_wsgi.py')
           ^^^^^^^^^^^^^^^^^^^^^^^^^^^^^^^^^^^^^^^^
  File "passenger_wsgi.py", line 13, in load_source
    loader.exec_module(module)
  File "<frozen importlib._bootstrap_external>", line 999, in exec_module
  File "<frozen importlib._bootstrap>", line 488, in _call_with_frames_removed
  File "passenger_wsgi.py", line 16, in <module>
    wsgi = load_source('wsgi', 'passenger_wsgi.py')
           ^^^^^^^^^^^^^^^^^^^^^^^^^^^^^^^^^^^^^^^^
  File "passenger_wsgi.py", line 13, in load_source
    loader.exec_module(module)
  File "<frozen importlib._bootstrap_external>", line 999, in exec_module
  File "<frozen importlib._bootstrap>", line 488, in _call_with_frames_removed
  File "passenger_wsgi.py", line 16, in <module>
    wsgi = load_source('wsgi', 'passenger_wsgi.py')
           ^^^^^^^^^^^^^^^^^^^^^^^^^^^^^^^^^^^^^^^^
  File "passenger_wsgi.py", line 13, in load_source
    loader.exec_module(module)
  File "<frozen importlib._bootstrap_external>", line 999, in exec_module
  File "<frozen importlib._bootstrap>", line 488, in _call_with_frames_removed
  File "passenger_wsgi.py", line 16, in <module>
    wsgi = load_source('wsgi', 'passenger_wsgi.py')
           ^^^^^^^^^^^^^^^^^^^^^^^^^^^^^^^^^^^^^^^^
  File "passenger_wsgi.py", line 13, in load_source
    loader.exec_module(module)
  File "<frozen importlib._bootstrap_external>", line 999, in exec_module
  File "<frozen importlib._bootstrap>", line 488, in _call_with_frames_removed
  File "passenger_wsgi.py", line 16, in <module>
    wsgi = load_source('wsgi', 'passenger_wsgi.py')
           ^^^^^^^^^^^^^^^^^^^^^^^^^^^^^^^^^^^^^^^^
  File "passenger_wsgi.py", line 13, in load_source
    loader.exec_module(module)
  File "<frozen importlib._bootstrap_external>", line 999, in exec_module
  File "<frozen importlib._bootstrap>", line 488, in _call_with_frames_removed
  File "passenger_wsgi.py", line 16, in <module>
    wsgi = load_source('wsgi', 'passenger_wsgi.py')
           ^^^^^^^^^^^^^^^^^^^^^^^^^^^^^^^^^^^^^^^^
  File "passenger_wsgi.py", line 13, in load_source
    loader.exec_module(module)
  File "<frozen importlib._bootstrap_external>", line 999, in exec_module
  File "<frozen importlib._bootstrap>", line 488, in _call_with_frames_removed
  File "passenger_wsgi.py", line 16, in <module>
    wsgi = load_source('wsgi', 'passenger_wsgi.py')
           ^^^^^^^^^^^^^^^^^^^^^^^^^^^^^^^^^^^^^^^^
  File "passenger_wsgi.py", line 13, in load_source
    loader.exec_module(module)
  File "<frozen importlib._bootstrap_external>", line 999, in exec_module
  File "<frozen importlib._bootstrap>", line 488, in _call_with_frames_removed
  File "passenger_wsgi.py", line 16, in <module>
    wsgi = load_source('wsgi', 'passenger_wsgi.py')
           ^^^^^^^^^^^^^^^^^^^^^^^^^^^^^^^^^^^^^^^^
  File "passenger_wsgi.py", line 13, in load_source
    loader.exec_module(module)
  File "<frozen importlib._bootstrap_external>", line 999, in exec_module
  File "<frozen importlib._bootstrap>", line 488, in _call_with_frames_removed
  File "passenger_wsgi.py", line 16, in <module>
    wsgi = load_source('wsgi', 'passenger_wsgi.py')
           ^^^^^^^^^^^^^^^^^^^^^^^^^^^^^^^^^^^^^^^^
  File "passenger_wsgi.py", line 13, in load_source
    loader.exec_module(module)
  File "<frozen importlib._bootstrap_external>", line 999, in exec_module
  File "<frozen importlib._bootstrap>", line 488, in _call_with_frames_removed
  File "passenger_wsgi.py", line 16, in <module>
    wsgi = load_source('wsgi', 'passenger_wsgi.py')
           ^^^^^^^^^^^^^^^^^^^^^^^^^^^^^^^^^^^^^^^^
  File "passenger_wsgi.py", line 13, in load_source
    loader.exec_module(module)
  File "<frozen importlib._bootstrap_external>", line 999, in exec_module
  File "<frozen importlib._bootstrap>", line 488, in _call_with_frames_removed
  File "passenger_wsgi.py", line 16, in <module>
    wsgi = load_source('wsgi', 'passenger_wsgi.py')
           ^^^^^^^^^^^^^^^^^^^^^^^^^^^^^^^^^^^^^^^^
  File "passenger_wsgi.py", line 13, in load_source
    loader.exec_module(module)
  File "<frozen importlib._bootstrap_external>", line 999, in exec_module
  File "<frozen importlib._bootstrap>", line 488, in _call_with_frames_removed
  File "passenger_wsgi.py", line 16, in <module>
    wsgi = load_source('wsgi', 'passenger_wsgi.py')
           ^^^^^^^^^^^^^^^^^^^^^^^^^^^^^^^^^^^^^^^^
  File "passenger_wsgi.py", line 13, in load_source
    loader.exec_module(module)
  File "<frozen importlib._bootstrap_external>", line 999, in exec_module
  File "<frozen importlib._bootstrap>", line 488, in _call_with_frames_removed
  File "passenger_wsgi.py", line 16, in <module>
    wsgi = load_source('wsgi', 'passenger_wsgi.py')
           ^^^^^^^^^^^^^^^^^^^^^^^^^^^^^^^^^^^^^^^^
  File "passenger_wsgi.py", line 13, in load_source
    loader.exec_module(module)
  File "<frozen importlib._bootstrap_external>", line 999, in exec_module
  File "<frozen importlib._bootstrap>", line 488, in _call_with_frames_removed
  File "passenger_wsgi.py", line 16, in <module>
    wsgi = load_source('wsgi', 'passenger_wsgi.py')
           ^^^^^^^^^^^^^^^^^^^^^^^^^^^^^^^^^^^^^^^^
  File "passenger_wsgi.py", line 13, in load_source
    loader.exec_module(module)
  File "<frozen importlib._bootstrap_external>", line 999, in exec_module
  File "<frozen importlib._bootstrap>", line 488, in _call_with_frames_removed
  File "passenger_wsgi.py", line 16, in <module>
    wsgi = load_source('wsgi', 'passenger_wsgi.py')
           ^^^^^^^^^^^^^^^^^^^^^^^^^^^^^^^^^^^^^^^^
  File "passenger_wsgi.py", line 13, in load_source
    loader.exec_module(module)
  File "<frozen importlib._bootstrap_external>", line 999, in exec_module
  File "<frozen importlib._bootstrap>", line 488, in _call_with_frames_removed
  File "passenger_wsgi.py", line 16, in <module>
    wsgi = load_source('wsgi', 'passenger_wsgi.py')
           ^^^^^^^^^^^^^^^^^^^^^^^^^^^^^^^^^^^^^^^^
  File "passenger_wsgi.py", line 13, in load_source
    loader.exec_module(module)
  File "<frozen importlib._bootstrap_external>", line 999, in exec_module
  File "<frozen importlib._bootstrap>", line 488, in _call_with_frames_removed
  File "passenger_wsgi.py", line 16, in <module>
    wsgi = load_source('wsgi', 'passenger_wsgi.py')
           ^^^^^^^^^^^^^^^^^^^^^^^^^^^^^^^^^^^^^^^^
  File "passenger_wsgi.py", line 13, in load_source
    loader.exec_module(module)
  File "<frozen importlib._bootstrap_external>", line 999, in exec_module
  File "<frozen importlib._bootstrap>", line 488, in _call_with_frames_removed
  File "passenger_wsgi.py", line 16, in <module>
    wsgi = load_source('wsgi', 'passenger_wsgi.py')
           ^^^^^^^^^^^^^^^^^^^^^^^^^^^^^^^^^^^^^^^^
  File "passenger_wsgi.py", line 13, in load_source
    loader.exec_module(module)
  File "<frozen importlib._bootstrap_external>", line 999, in exec_module
  File "<frozen importlib._bootstrap>", line 488, in _call_with_frames_removed
  File "passenger_wsgi.py", line 16, in <module>
    wsgi = load_source('wsgi', 'passenger_wsgi.py')
           ^^^^^^^^^^^^^^^^^^^^^^^^^^^^^^^^^^^^^^^^
  File "passenger_wsgi.py", line 13, in load_source
    loader.exec_module(module)
  File "<frozen importlib._bootstrap_external>", line 999, in exec_module
  File "<frozen importlib._bootstrap>", line 488, in _call_with_frames_removed
  File "passenger_wsgi.py", line 16, in <module>
    wsgi = load_source('wsgi', 'passenger_wsgi.py')
           ^^^^^^^^^^^^^^^^^^^^^^^^^^^^^^^^^^^^^^^^
  File "passenger_wsgi.py", line 13, in load_source
    loader.exec_module(module)
  File "<frozen importlib._bootstrap_external>", line 999, in exec_module
  File "<frozen importlib._bootstrap>", line 488, in _call_with_frames_removed
  File "passenger_wsgi.py", line 16, in <module>
    wsgi = load_source('wsgi', 'passenger_wsgi.py')
           ^^^^^^^^^^^^^^^^^^^^^^^^^^^^^^^^^^^^^^^^
  File "passenger_wsgi.py", line 13, in load_source
    loader.exec_module(module)
  File "<frozen importlib._bootstrap_external>", line 999, in exec_module
  File "<frozen importlib._bootstrap>", line 488, in _call_with_frames_removed
  File "passenger_wsgi.py", line 16, in <module>
    wsgi = load_source('wsgi', 'passenger_wsgi.py')
           ^^^^^^^^^^^^^^^^^^^^^^^^^^^^^^^^^^^^^^^^
  File "passenger_wsgi.py", line 13, in load_source
    loader.exec_module(module)
  File "<frozen importlib._bootstrap_external>", line 999, in exec_module
  File "<frozen importlib._bootstrap>", line 488, in _call_with_frames_removed
  File "passenger_wsgi.py", line 16, in <module>
    wsgi = load_source('wsgi', 'passenger_wsgi.py')
           ^^^^^^^^^^^^^^^^^^^^^^^^^^^^^^^^^^^^^^^^
  File "passenger_wsgi.py", line 13, in load_source
    loader.exec_module(module)
  File "<frozen importlib._bootstrap_external>", line 999, in exec_module
  File "<frozen importlib._bootstrap>", line 488, in _call_with_frames_removed
  File "passenger_wsgi.py", line 16, in <module>
    wsgi = load_source('wsgi', 'passenger_wsgi.py')
           ^^^^^^^^^^^^^^^^^^^^^^^^^^^^^^^^^^^^^^^^
  File "passenger_wsgi.py", line 13, in load_source
    loader.exec_module(module)
  File "<frozen importlib._bootstrap_external>", line 999, in exec_module
  File "<frozen importlib._bootstrap>", line 488, in _call_with_frames_removed
  File "passenger_wsgi.py", line 16, in <module>
    wsgi = load_source('wsgi', 'passenger_wsgi.py')
           ^^^^^^^^^^^^^^^^^^^^^^^^^^^^^^^^^^^^^^^^
  File "passenger_wsgi.py", line 13, in load_source
    loader.exec_module(module)
  File "<frozen importlib._bootstrap_external>", line 999, in exec_module
  File "<frozen importlib._bootstrap>", line 488, in _call_with_frames_removed
  File "passenger_wsgi.py", line 16, in <module>
    wsgi = load_source('wsgi', 'passenger_wsgi.py')
           ^^^^^^^^^^^^^^^^^^^^^^^^^^^^^^^^^^^^^^^^
  File "passenger_wsgi.py", line 13, in load_source
    loader.exec_module(module)
  File "<frozen importlib._bootstrap_external>", line 999, in exec_module
  File "<frozen importlib._bootstrap>", line 488, in _call_with_frames_removed
  File "passenger_wsgi.py", line 16, in <module>
    wsgi = load_source('wsgi', 'passenger_wsgi.py')
           ^^^^^^^^^^^^^^^^^^^^^^^^^^^^^^^^^^^^^^^^
  File "passenger_wsgi.py", line 13, in load_source
    loader.exec_module(module)
  File "<frozen importlib._bootstrap_external>", line 999, in exec_module
  File "<frozen importlib._bootstrap>", line 488, in _call_with_frames_removed
  File "passenger_wsgi.py", line 16, in <module>
    wsgi = load_source('wsgi', 'passenger_wsgi.py')
           ^^^^^^^^^^^^^^^^^^^^^^^^^^^^^^^^^^^^^^^^
  File "passenger_wsgi.py", line 13, in load_source
    loader.exec_module(module)
  File "<frozen importlib._bootstrap_external>", line 999, in exec_module
  File "<frozen importlib._bootstrap>", line 488, in _call_with_frames_removed
  File "passenger_wsgi.py", line 16, in <module>
    wsgi = load_source('wsgi', 'passenger_wsgi.py')
           ^^^^^^^^^^^^^^^^^^^^^^^^^^^^^^^^^^^^^^^^
  File "passenger_wsgi.py", line 13, in load_source
    loader.exec_module(module)
  File "<frozen importlib._bootstrap_external>", line 999, in exec_module
  File "<frozen importlib._bootstrap>", line 488, in _call_with_frames_removed
  File "passenger_wsgi.py", line 16, in <module>
    wsgi = load_source('wsgi', 'passenger_wsgi.py')
           ^^^^^^^^^^^^^^^^^^^^^^^^^^^^^^^^^^^^^^^^
  File "passenger_wsgi.py", line 13, in load_source
    loader.exec_module(module)
  File "<frozen importlib._bootstrap_external>", line 999, in exec_module
  File "<frozen importlib._bootstrap>", line 488, in _call_with_frames_removed
  File "passenger_wsgi.py", line 16, in <module>
    wsgi = load_source('wsgi', 'passenger_wsgi.py')
           ^^^^^^^^^^^^^^^^^^^^^^^^^^^^^^^^^^^^^^^^
  File "passenger_wsgi.py", line 13, in load_source
    loader.exec_module(module)
  File "<frozen importlib._bootstrap_external>", line 999, in exec_module
  File "<frozen importlib._bootstrap>", line 488, in _call_with_frames_removed
  File "passenger_wsgi.py", line 16, in <module>
    wsgi = load_source('wsgi', 'passenger_wsgi.py')
           ^^^^^^^^^^^^^^^^^^^^^^^^^^^^^^^^^^^^^^^^
  File "passenger_wsgi.py", line 13, in load_source
    loader.exec_module(module)
  File "<frozen importlib._bootstrap_external>", line 999, in exec_module
  File "<frozen importlib._bootstrap>", line 488, in _call_with_frames_removed
  File "passenger_wsgi.py", line 16, in <module>
    wsgi = load_source('wsgi', 'passenger_wsgi.py')
           ^^^^^^^^^^^^^^^^^^^^^^^^^^^^^^^^^^^^^^^^
  File "passenger_wsgi.py", line 13, in load_source
    loader.exec_module(module)
  File "<frozen importlib._bootstrap_external>", line 999, in exec_module
  File "<frozen importlib._bootstrap>", line 488, in _call_with_frames_removed
  File "passenger_wsgi.py", line 16, in <module>
    wsgi = load_source('wsgi', 'passenger_wsgi.py')
           ^^^^^^^^^^^^^^^^^^^^^^^^^^^^^^^^^^^^^^^^
  File "passenger_wsgi.py", line 13, in load_source
    loader.exec_module(module)
  File "<frozen importlib._bootstrap_external>", line 999, in exec_module
  File "<frozen importlib._bootstrap>", line 488, in _call_with_frames_removed
  File "passenger_wsgi.py", line 16, in <module>
    wsgi = load_source('wsgi', 'passenger_wsgi.py')
           ^^^^^^^^^^^^^^^^^^^^^^^^^^^^^^^^^^^^^^^^
  File "passenger_wsgi.py", line 13, in load_source
    loader.exec_module(module)
  File "<frozen importlib._bootstrap_external>", line 999, in exec_module
  File "<frozen importlib._bootstrap>", line 488, in _call_with_frames_removed
  File "passenger_wsgi.py", line 16, in <module>
    wsgi = load_source('wsgi', 'passenger_wsgi.py')
           ^^^^^^^^^^^^^^^^^^^^^^^^^^^^^^^^^^^^^^^^
  File "passenger_wsgi.py", line 13, in load_source
    loader.exec_module(module)
  File "<frozen importlib._bootstrap_external>", line 999, in exec_module
  File "<frozen importlib._bootstrap>", line 488, in _call_with_frames_removed
  File "passenger_wsgi.py", line 16, in <module>
    wsgi = load_source('wsgi', 'passenger_wsgi.py')
           ^^^^^^^^^^^^^^^^^^^^^^^^^^^^^^^^^^^^^^^^
  File "passenger_wsgi.py", line 13, in load_source
    loader.exec_module(module)
  File "<frozen importlib._bootstrap_external>", line 999, in exec_module
  File "<frozen importlib._bootstrap>", line 488, in _call_with_frames_removed
  File "passenger_wsgi.py", line 16, in <module>
    wsgi = load_source('wsgi', 'passenger_wsgi.py')
           ^^^^^^^^^^^^^^^^^^^^^^^^^^^^^^^^^^^^^^^^
  File "passenger_wsgi.py", line 13, in load_source
    loader.exec_module(module)
  File "<frozen importlib._bootstrap_external>", line 999, in exec_module
  File "<frozen importlib._bootstrap>", line 488, in _call_with_frames_removed
  File "passenger_wsgi.py", line 16, in <module>
    wsgi = load_source('wsgi', 'passenger_wsgi.py')
           ^^^^^^^^^^^^^^^^^^^^^^^^^^^^^^^^^^^^^^^^
  File "passenger_wsgi.py", line 13, in load_source
    loader.exec_module(module)
  File "<frozen importlib._bootstrap_external>", line 999, in exec_module
  File "<frozen importlib._bootstrap>", line 488, in _call_with_frames_removed
  File "passenger_wsgi.py", line 16, in <module>
    wsgi = load_source('wsgi', 'passenger_wsgi.py')
           ^^^^^^^^^^^^^^^^^^^^^^^^^^^^^^^^^^^^^^^^
  File "passenger_wsgi.py", line 13, in load_source
    loader.exec_module(module)
  File "<frozen importlib._bootstrap_external>", line 999, in exec_module
  File "<frozen importlib._bootstrap>", line 488, in _call_with_frames_removed
  File "passenger_wsgi.py", line 16, in <module>
    wsgi = load_source('wsgi', 'passenger_wsgi.py')
           ^^^^^^^^^^^^^^^^^^^^^^^^^^^^^^^^^^^^^^^^
  File "passenger_wsgi.py", line 13, in load_source
    loader.exec_module(module)
  File "<frozen importlib._bootstrap_external>", line 999, in exec_module
  File "<frozen importlib._bootstrap>", line 488, in _call_with_frames_removed
  File "passenger_wsgi.py", line 16, in <module>
    wsgi = load_source('wsgi', 'passenger_wsgi.py')
           ^^^^^^^^^^^^^^^^^^^^^^^^^^^^^^^^^^^^^^^^
  File "passenger_wsgi.py", line 13, in load_source
    loader.exec_module(module)
  File "<frozen importlib._bootstrap_external>", line 999, in exec_module
  File "<frozen importlib._bootstrap>", line 488, in _call_with_frames_removed
  File "passenger_wsgi.py", line 16, in <module>
    wsgi = load_source('wsgi', 'passenger_wsgi.py')
           ^^^^^^^^^^^^^^^^^^^^^^^^^^^^^^^^^^^^^^^^
  File "passenger_wsgi.py", line 13, in load_source
    loader.exec_module(module)
  File "<frozen importlib._bootstrap_external>", line 999, in exec_module
  File "<frozen importlib._bootstrap>", line 488, in _call_with_frames_removed
  File "passenger_wsgi.py", line 16, in <module>
    wsgi = load_source('wsgi', 'passenger_wsgi.py')
           ^^^^^^^^^^^^^^^^^^^^^^^^^^^^^^^^^^^^^^^^
  File "passenger_wsgi.py", line 13, in load_source
    loader.exec_module(module)
  File "<frozen importlib._bootstrap_external>", line 999, in exec_module
  File "<frozen importlib._bootstrap>", line 488, in _call_with_frames_removed
  File "passenger_wsgi.py", line 16, in <module>
    wsgi = load_source('wsgi', 'passenger_wsgi.py')
           ^^^^^^^^^^^^^^^^^^^^^^^^^^^^^^^^^^^^^^^^
  File "passenger_wsgi.py", line 13, in load_source
    loader.exec_module(module)
  File "<frozen importlib._bootstrap_external>", line 999, in exec_module
  File "<frozen importlib._bootstrap>", line 488, in _call_with_frames_removed
  File "passenger_wsgi.py", line 16, in <module>
    wsgi = load_source('wsgi', 'passenger_wsgi.py')
           ^^^^^^^^^^^^^^^^^^^^^^^^^^^^^^^^^^^^^^^^
  File "passenger_wsgi.py", line 13, in load_source
    loader.exec_module(module)
  File "<frozen importlib._bootstrap_external>", line 999, in exec_module
  File "<frozen importlib._bootstrap>", line 488, in _call_with_frames_removed
  File "passenger_wsgi.py", line 16, in <module>
    wsgi = load_source('wsgi', 'passenger_wsgi.py')
           ^^^^^^^^^^^^^^^^^^^^^^^^^^^^^^^^^^^^^^^^
  File "passenger_wsgi.py", line 13, in load_source
    loader.exec_module(module)
  File "<frozen importlib._bootstrap_external>", line 999, in exec_module
  File "<frozen importlib._bootstrap>", line 488, in _call_with_frames_removed
  File "passenger_wsgi.py", line 16, in <module>
    wsgi = load_source('wsgi', 'passenger_wsgi.py')
           ^^^^^^^^^^^^^^^^^^^^^^^^^^^^^^^^^^^^^^^^
  File "passenger_wsgi.py", line 13, in load_source
    loader.exec_module(module)
  File "<frozen importlib._bootstrap_external>", line 999, in exec_module
  File "<frozen importlib._bootstrap>", line 488, in _call_with_frames_removed
  File "passenger_wsgi.py", line 16, in <module>
    wsgi = load_source('wsgi', 'passenger_wsgi.py')
           ^^^^^^^^^^^^^^^^^^^^^^^^^^^^^^^^^^^^^^^^
  File "passenger_wsgi.py", line 13, in load_source
    loader.exec_module(module)
  File "<frozen importlib._bootstrap_external>", line 999, in exec_module
  File "<frozen importlib._bootstrap>", line 488, in _call_with_frames_removed
  File "passenger_wsgi.py", line 16, in <module>
    wsgi = load_source('wsgi', 'passenger_wsgi.py')
           ^^^^^^^^^^^^^^^^^^^^^^^^^^^^^^^^^^^^^^^^
  File "passenger_wsgi.py", line 13, in load_source
    loader.exec_module(module)
  File "<frozen importlib._bootstrap_external>", line 999, in exec_module
  File "<frozen importlib._bootstrap>", line 488, in _call_with_frames_removed
  File "passenger_wsgi.py", line 16, in <module>
    wsgi = load_source('wsgi', 'passenger_wsgi.py')
           ^^^^^^^^^^^^^^^^^^^^^^^^^^^^^^^^^^^^^^^^
  File "passenger_wsgi.py", line 13, in load_source
    loader.exec_module(module)
  File "<frozen importlib._bootstrap_external>", line 999, in exec_module
  File "<frozen importlib._bootstrap>", line 488, in _call_with_frames_removed
  File "passenger_wsgi.py", line 16, in <module>
    wsgi = load_source('wsgi', 'passenger_wsgi.py')
           ^^^^^^^^^^^^^^^^^^^^^^^^^^^^^^^^^^^^^^^^
  File "passenger_wsgi.py", line 13, in load_source
    loader.exec_module(module)
  File "<frozen importlib._bootstrap_external>", line 999, in exec_module
  File "<frozen importlib._bootstrap>", line 488, in _call_with_frames_removed
  File "passenger_wsgi.py", line 16, in <module>
    wsgi = load_source('wsgi', 'passenger_wsgi.py')
           ^^^^^^^^^^^^^^^^^^^^^^^^^^^^^^^^^^^^^^^^
  File "passenger_wsgi.py", line 13, in load_source
    loader.exec_module(module)
  File "<frozen importlib._bootstrap_external>", line 999, in exec_module
  File "<frozen importlib._bootstrap>", line 488, in _call_with_frames_removed
  File "passenger_wsgi.py", line 16, in <module>
    wsgi = load_source('wsgi', 'passenger_wsgi.py')
           ^^^^^^^^^^^^^^^^^^^^^^^^^^^^^^^^^^^^^^^^
  File "passenger_wsgi.py", line 13, in load_source
    loader.exec_module(module)
  File "<frozen importlib._bootstrap_external>", line 999, in exec_module
  File "<frozen importlib._bootstrap>", line 488, in _call_with_frames_removed
  File "passenger_wsgi.py", line 16, in <module>
    wsgi = load_source('wsgi', 'passenger_wsgi.py')
           ^^^^^^^^^^^^^^^^^^^^^^^^^^^^^^^^^^^^^^^^
  File "passenger_wsgi.py", line 13, in load_source
    loader.exec_module(module)
  File "<frozen importlib._bootstrap_external>", line 999, in exec_module
  File "<frozen importlib._bootstrap>", line 488, in _call_with_frames_removed
  File "passenger_wsgi.py", line 16, in <module>
    wsgi = load_source('wsgi', 'passenger_wsgi.py')
           ^^^^^^^^^^^^^^^^^^^^^^^^^^^^^^^^^^^^^^^^
  File "passenger_wsgi.py", line 13, in load_source
    loader.exec_module(module)
  File "<frozen importlib._bootstrap_external>", line 999, in exec_module
  File "<frozen importlib._bootstrap>", line 488, in _call_with_frames_removed
  File "passenger_wsgi.py", line 16, in <module>
    wsgi = load_source('wsgi', 'passenger_wsgi.py')
           ^^^^^^^^^^^^^^^^^^^^^^^^^^^^^^^^^^^^^^^^
  File "passenger_wsgi.py", line 13, in load_source
    loader.exec_module(module)
  File "<frozen importlib._bootstrap_external>", line 999, in exec_module
  File "<frozen importlib._bootstrap>", line 488, in _call_with_frames_removed
  File "passenger_wsgi.py", line 16, in <module>
    wsgi = load_source('wsgi', 'passenger_wsgi.py')
           ^^^^^^^^^^^^^^^^^^^^^^^^^^^^^^^^^^^^^^^^
  File "passenger_wsgi.py", line 13, in load_source
    loader.exec_module(module)
  File "<frozen importlib._bootstrap_external>", line 999, in exec_module
  File "<frozen importlib._bootstrap>", line 488, in _call_with_frames_removed
  File "passenger_wsgi.py", line 16, in <module>
    wsgi = load_source('wsgi', 'passenger_wsgi.py')
           ^^^^^^^^^^^^^^^^^^^^^^^^^^^^^^^^^^^^^^^^
  File "passenger_wsgi.py", line 13, in load_source
    loader.exec_module(module)
  File "<frozen importlib._bootstrap_external>", line 999, in exec_module
  File "<frozen importlib._bootstrap>", line 488, in _call_with_frames_removed
  File "passenger_wsgi.py", line 16, in <module>
    wsgi = load_source('wsgi', 'passenger_wsgi.py')
           ^^^^^^^^^^^^^^^^^^^^^^^^^^^^^^^^^^^^^^^^
  File "passenger_wsgi.py", line 13, in load_source
    loader.exec_module(module)
  File "<frozen importlib._bootstrap_external>", line 999, in exec_module
  File "<frozen importlib._bootstrap>", line 488, in _call_with_frames_removed
  File "passenger_wsgi.py", line 16, in <module>
    wsgi = load_source('wsgi', 'passenger_wsgi.py')
           ^^^^^^^^^^^^^^^^^^^^^^^^^^^^^^^^^^^^^^^^
  File "passenger_wsgi.py", line 13, in load_source
    loader.exec_module(module)
  File "<frozen importlib._bootstrap_external>", line 999, in exec_module
  File "<frozen importlib._bootstrap>", line 488, in _call_with_frames_removed
  File "passenger_wsgi.py", line 16, in <module>
    wsgi = load_source('wsgi', 'passenger_wsgi.py')
           ^^^^^^^^^^^^^^^^^^^^^^^^^^^^^^^^^^^^^^^^
  File "passenger_wsgi.py", line 13, in load_source
    loader.exec_module(module)
  File "<frozen importlib._bootstrap_external>", line 999, in exec_module
  File "<frozen importlib._bootstrap>", line 488, in _call_with_frames_removed
  File "passenger_wsgi.py", line 16, in <module>
    wsgi = load_source('wsgi', 'passenger_wsgi.py')
           ^^^^^^^^^^^^^^^^^^^^^^^^^^^^^^^^^^^^^^^^
  File "passenger_wsgi.py", line 13, in load_source
    loader.exec_module(module)
  File "<frozen importlib._bootstrap_external>", line 999, in exec_module
  File "<frozen importlib._bootstrap>", line 488, in _call_with_frames_removed
  File "passenger_wsgi.py", line 16, in <module>
    wsgi = load_source('wsgi', 'passenger_wsgi.py')
           ^^^^^^^^^^^^^^^^^^^^^^^^^^^^^^^^^^^^^^^^
  File "passenger_wsgi.py", line 13, in load_source
    loader.exec_module(module)
  File "<frozen importlib._bootstrap_external>", line 999, in exec_module
  File "<frozen importlib._bootstrap>", line 488, in _call_with_frames_removed
  File "passenger_wsgi.py", line 16, in <module>
    wsgi = load_source('wsgi', 'passenger_wsgi.py')
           ^^^^^^^^^^^^^^^^^^^^^^^^^^^^^^^^^^^^^^^^
  File "passenger_wsgi.py", line 13, in load_source
    loader.exec_module(module)
  File "<frozen importlib._bootstrap_external>", line 999, in exec_module
  File "<frozen importlib._bootstrap>", line 488, in _call_with_frames_removed
  File "passenger_wsgi.py", line 16, in <module>
    wsgi = load_source('wsgi', 'passenger_wsgi.py')
           ^^^^^^^^^^^^^^^^^^^^^^^^^^^^^^^^^^^^^^^^
  File "passenger_wsgi.py", line 13, in load_source
    loader.exec_module(module)
  File "<frozen importlib._bootstrap_external>", line 999, in exec_module
  File "<frozen importlib._bootstrap>", line 488, in _call_with_frames_removed
  File "passenger_wsgi.py", line 16, in <module>
    wsgi = load_source('wsgi', 'passenger_wsgi.py')
           ^^^^^^^^^^^^^^^^^^^^^^^^^^^^^^^^^^^^^^^^
  File "passenger_wsgi.py", line 13, in load_source
    loader.exec_module(module)
  File "<frozen importlib._bootstrap_external>", line 999, in exec_module
  File "<frozen importlib._bootstrap>", line 488, in _call_with_frames_removed
  File "passenger_wsgi.py", line 16, in <module>
    wsgi = load_source('wsgi', 'passenger_wsgi.py')
           ^^^^^^^^^^^^^^^^^^^^^^^^^^^^^^^^^^^^^^^^
  File "passenger_wsgi.py", line 13, in load_source
    loader.exec_module(module)
  File "<frozen importlib._bootstrap_external>", line 999, in exec_module
  File "<frozen importlib._bootstrap>", line 488, in _call_with_frames_removed
  File "passenger_wsgi.py", line 16, in <module>
    wsgi = load_source('wsgi', 'passenger_wsgi.py')
           ^^^^^^^^^^^^^^^^^^^^^^^^^^^^^^^^^^^^^^^^
  File "passenger_wsgi.py", line 13, in load_source
    loader.exec_module(module)
  File "<frozen importlib._bootstrap_external>", line 999, in exec_module
  File "<frozen importlib._bootstrap>", line 488, in _call_with_frames_removed
  File "passenger_wsgi.py", line 16, in <module>
    wsgi = load_source('wsgi', 'passenger_wsgi.py')
           ^^^^^^^^^^^^^^^^^^^^^^^^^^^^^^^^^^^^^^^^
  File "passenger_wsgi.py", line 13, in load_source
    loader.exec_module(module)
  File "<frozen importlib._bootstrap_external>", line 999, in exec_module
  File "<frozen importlib._bootstrap>", line 488, in _call_with_frames_removed
  File "passenger_wsgi.py", line 16, in <module>
    wsgi = load_source('wsgi', 'passenger_wsgi.py')
           ^^^^^^^^^^^^^^^^^^^^^^^^^^^^^^^^^^^^^^^^
  File "passenger_wsgi.py", line 13, in load_source
    loader.exec_module(module)
  File "<frozen importlib._bootstrap_external>", line 999, in exec_module
  File "<frozen importlib._bootstrap>", line 488, in _call_with_frames_removed
  File "passenger_wsgi.py", line 16, in <module>
    wsgi = load_source('wsgi', 'passenger_wsgi.py')
           ^^^^^^^^^^^^^^^^^^^^^^^^^^^^^^^^^^^^^^^^
  File "passenger_wsgi.py", line 13, in load_source
    loader.exec_module(module)
  File "<frozen importlib._bootstrap_external>", line 999, in exec_module
  File "<frozen importlib._bootstrap>", line 488, in _call_with_frames_removed
  File "passenger_wsgi.py", line 16, in <module>
    wsgi = load_source('wsgi', 'passenger_wsgi.py')
           ^^^^^^^^^^^^^^^^^^^^^^^^^^^^^^^^^^^^^^^^
  File "passenger_wsgi.py", line 13, in load_source
    loader.exec_module(module)
  File "<frozen importlib._bootstrap_external>", line 999, in exec_module
  File "<frozen importlib._bootstrap>", line 488, in _call_with_frames_removed
  File "passenger_wsgi.py", line 16, in <module>
    wsgi = load_source('wsgi', 'passenger_wsgi.py')
           ^^^^^^^^^^^^^^^^^^^^^^^^^^^^^^^^^^^^^^^^
  File "passenger_wsgi.py", line 13, in load_source
    loader.exec_module(module)
  File "<frozen importlib._bootstrap_external>", line 999, in exec_module
  File "<frozen importlib._bootstrap>", line 488, in _call_with_frames_removed
  File "passenger_wsgi.py", line 16, in <module>
    wsgi = load_source('wsgi', 'passenger_wsgi.py')
           ^^^^^^^^^^^^^^^^^^^^^^^^^^^^^^^^^^^^^^^^
  File "passenger_wsgi.py", line 13, in load_source
    loader.exec_module(module)
  File "<frozen importlib._bootstrap_external>", line 999, in exec_module
  File "<frozen importlib._bootstrap>", line 488, in _call_with_frames_removed
  File "passenger_wsgi.py", line 16, in <module>
    wsgi = load_source('wsgi', 'passenger_wsgi.py')
           ^^^^^^^^^^^^^^^^^^^^^^^^^^^^^^^^^^^^^^^^
  File "passenger_wsgi.py", line 13, in load_source
    loader.exec_module(module)
  File "<frozen importlib._bootstrap_external>", line 999, in exec_module
  File "<frozen importlib._bootstrap>", line 488, in _call_with_frames_removed
  File "passenger_wsgi.py", line 16, in <module>
    wsgi = load_source('wsgi', 'passenger_wsgi.py')
           ^^^^^^^^^^^^^^^^^^^^^^^^^^^^^^^^^^^^^^^^
  File "passenger_wsgi.py", line 13, in load_source
    loader.exec_module(module)
  File "<frozen importlib._bootstrap_external>", line 999, in exec_module
  File "<frozen importlib._bootstrap>", line 488, in _call_with_frames_removed
  File "passenger_wsgi.py", line 16, in <module>
    wsgi = load_source('wsgi', 'passenger_wsgi.py')
           ^^^^^^^^^^^^^^^^^^^^^^^^^^^^^^^^^^^^^^^^
  File "passenger_wsgi.py", line 13, in load_source
    loader.exec_module(module)
  File "<frozen importlib._bootstrap_external>", line 999, in exec_module
  File "<frozen importlib._bootstrap>", line 488, in _call_with_frames_removed
  File "passenger_wsgi.py", line 16, in <module>
    wsgi = load_source('wsgi', 'passenger_wsgi.py')
           ^^^^^^^^^^^^^^^^^^^^^^^^^^^^^^^^^^^^^^^^
  File "passenger_wsgi.py", line 13, in load_source
    loader.exec_module(module)
  File "<frozen importlib._bootstrap_external>", line 999, in exec_module
  File "<frozen importlib._bootstrap>", line 488, in _call_with_frames_removed
  File "passenger_wsgi.py", line 16, in <module>
    wsgi = load_source('wsgi', 'passenger_wsgi.py')
           ^^^^^^^^^^^^^^^^^^^^^^^^^^^^^^^^^^^^^^^^
  File "passenger_wsgi.py", line 13, in load_source
    loader.exec_module(module)
  File "<frozen importlib._bootstrap_external>", line 999, in exec_module
  File "<frozen importlib._bootstrap>", line 488, in _call_with_frames_removed
  File "passenger_wsgi.py", line 16, in <module>
    wsgi = load_source('wsgi', 'passenger_wsgi.py')
           ^^^^^^^^^^^^^^^^^^^^^^^^^^^^^^^^^^^^^^^^
  File "passenger_wsgi.py", line 13, in load_source
    loader.exec_module(module)
  File "<frozen importlib._bootstrap_external>", line 999, in exec_module
  File "<frozen importlib._bootstrap>", line 488, in _call_with_frames_removed
  File "passenger_wsgi.py", line 16, in <module>
    wsgi = load_source('wsgi', 'passenger_wsgi.py')
           ^^^^^^^^^^^^^^^^^^^^^^^^^^^^^^^^^^^^^^^^
  File "passenger_wsgi.py", line 13, in load_source
    loader.exec_module(module)
  File "<frozen importlib._bootstrap_external>", line 999, in exec_module
  File "<frozen importlib._bootstrap>", line 488, in _call_with_frames_removed
  File "passenger_wsgi.py", line 16, in <module>
    wsgi = load_source('wsgi', 'passenger_wsgi.py')
           ^^^^^^^^^^^^^^^^^^^^^^^^^^^^^^^^^^^^^^^^
  File "passenger_wsgi.py", line 13, in load_source
    loader.exec_module(module)
  File "<frozen importlib._bootstrap_external>", line 999, in exec_module
  File "<frozen importlib._bootstrap>", line 488, in _call_with_frames_removed
  File "passenger_wsgi.py", line 16, in <module>
    wsgi = load_source('wsgi', 'passenger_wsgi.py')
           ^^^^^^^^^^^^^^^^^^^^^^^^^^^^^^^^^^^^^^^^
  File "passenger_wsgi.py", line 13, in load_source
    loader.exec_module(module)
  File "<frozen importlib._bootstrap_external>", line 999, in exec_module
  File "<frozen importlib._bootstrap>", line 488, in _call_with_frames_removed
  File "passenger_wsgi.py", line 16, in <module>
    wsgi = load_source('wsgi', 'passenger_wsgi.py')
           ^^^^^^^^^^^^^^^^^^^^^^^^^^^^^^^^^^^^^^^^
  File "passenger_wsgi.py", line 13, in load_source
    loader.exec_module(module)
  File "<frozen importlib._bootstrap_external>", line 999, in exec_module
  File "<frozen importlib._bootstrap>", line 488, in _call_with_frames_removed
  File "passenger_wsgi.py", line 16, in <module>
    wsgi = load_source('wsgi', 'passenger_wsgi.py')
           ^^^^^^^^^^^^^^^^^^^^^^^^^^^^^^^^^^^^^^^^
  File "passenger_wsgi.py", line 13, in load_source
    loader.exec_module(module)
  File "<frozen importlib._bootstrap_external>", line 999, in exec_module
  File "<frozen importlib._bootstrap>", line 488, in _call_with_frames_removed
  File "passenger_wsgi.py", line 16, in <module>
    wsgi = load_source('wsgi', 'passenger_wsgi.py')
           ^^^^^^^^^^^^^^^^^^^^^^^^^^^^^^^^^^^^^^^^
  File "passenger_wsgi.py", line 13, in load_source
    loader.exec_module(module)
  File "<frozen importlib._bootstrap_external>", line 999, in exec_module
  File "<frozen importlib._bootstrap>", line 488, in _call_with_frames_removed
  File "passenger_wsgi.py", line 16, in <module>
    wsgi = load_source('wsgi', 'passenger_wsgi.py')
           ^^^^^^^^^^^^^^^^^^^^^^^^^^^^^^^^^^^^^^^^
  File "passenger_wsgi.py", line 13, in load_source
    loader.exec_module(module)
  File "<frozen importlib._bootstrap_external>", line 999, in exec_module
  File "<frozen importlib._bootstrap>", line 488, in _call_with_frames_removed
  File "passenger_wsgi.py", line 16, in <module>
    wsgi = load_source('wsgi', 'passenger_wsgi.py')
           ^^^^^^^^^^^^^^^^^^^^^^^^^^^^^^^^^^^^^^^^
  File "passenger_wsgi.py", line 13, in load_source
    loader.exec_module(module)
  File "<frozen importlib._bootstrap_external>", line 999, in exec_module
  File "<frozen importlib._bootstrap>", line 488, in _call_with_frames_removed
  File "passenger_wsgi.py", line 16, in <module>
    wsgi = load_source('wsgi', 'passenger_wsgi.py')
           ^^^^^^^^^^^^^^^^^^^^^^^^^^^^^^^^^^^^^^^^
  File "passenger_wsgi.py", line 13, in load_source
    loader.exec_module(module)
  File "<frozen importlib._bootstrap_external>", line 999, in exec_module
  File "<frozen importlib._bootstrap>", line 488, in _call_with_frames_removed
  File "passenger_wsgi.py", line 16, in <module>
    wsgi = load_source('wsgi', 'passenger_wsgi.py')
           ^^^^^^^^^^^^^^^^^^^^^^^^^^^^^^^^^^^^^^^^
  File "passenger_wsgi.py", line 13, in load_source
    loader.exec_module(module)
  File "<frozen importlib._bootstrap_external>", line 999, in exec_module
  File "<frozen importlib._bootstrap>", line 488, in _call_with_frames_removed
  File "passenger_wsgi.py", line 16, in <module>
    wsgi = load_source('wsgi', 'passenger_wsgi.py')
           ^^^^^^^^^^^^^^^^^^^^^^^^^^^^^^^^^^^^^^^^
  File "passenger_wsgi.py", line 13, in load_source
    loader.exec_module(module)
  File "<frozen importlib._bootstrap_external>", line 999, in exec_module
  File "<frozen importlib._bootstrap>", line 488, in _call_with_frames_removed
  File "passenger_wsgi.py", line 16, in <module>
    wsgi = load_source('wsgi', 'passenger_wsgi.py')
           ^^^^^^^^^^^^^^^^^^^^^^^^^^^^^^^^^^^^^^^^
  File "passenger_wsgi.py", line 13, in load_source
    loader.exec_module(module)
  File "<frozen importlib._bootstrap_external>", line 999, in exec_module
  File "<frozen importlib._bootstrap>", line 488, in _call_with_frames_removed
  File "passenger_wsgi.py", line 16, in <module>
    wsgi = load_source('wsgi', 'passenger_wsgi.py')
           ^^^^^^^^^^^^^^^^^^^^^^^^^^^^^^^^^^^^^^^^
  File "passenger_wsgi.py", line 13, in load_source
    loader.exec_module(module)
  File "<frozen importlib._bootstrap_external>", line 999, in exec_module
  File "<frozen importlib._bootstrap>", line 488, in _call_with_frames_removed
  File "passenger_wsgi.py", line 16, in <module>
    wsgi = load_source('wsgi', 'passenger_wsgi.py')
           ^^^^^^^^^^^^^^^^^^^^^^^^^^^^^^^^^^^^^^^^
  File "passenger_wsgi.py", line 13, in load_source
    loader.exec_module(module)
  File "<frozen importlib._bootstrap_external>", line 999, in exec_module
  File "<frozen importlib._bootstrap>", line 488, in _call_with_frames_removed
  File "passenger_wsgi.py", line 16, in <module>
    wsgi = load_source('wsgi', 'passenger_wsgi.py')
           ^^^^^^^^^^^^^^^^^^^^^^^^^^^^^^^^^^^^^^^^
  File "passenger_wsgi.py", line 13, in load_source
    loader.exec_module(module)
  File "<frozen importlib._bootstrap_external>", line 999, in exec_module
  File "<frozen importlib._bootstrap>", line 488, in _call_with_frames_removed
  File "passenger_wsgi.py", line 16, in <module>
    wsgi = load_source('wsgi', 'passenger_wsgi.py')
           ^^^^^^^^^^^^^^^^^^^^^^^^^^^^^^^^^^^^^^^^
  File "passenger_wsgi.py", line 13, in load_source
    loader.exec_module(module)
  File "<frozen importlib._bootstrap_external>", line 999, in exec_module
  File "<frozen importlib._bootstrap>", line 488, in _call_with_frames_removed
  File "passenger_wsgi.py", line 16, in <module>
    wsgi = load_source('wsgi', 'passenger_wsgi.py')
           ^^^^^^^^^^^^^^^^^^^^^^^^^^^^^^^^^^^^^^^^
  File "passenger_wsgi.py", line 13, in load_source
    loader.exec_module(module)
  File "<frozen importlib._bootstrap_external>", line 999, in exec_module
  File "<frozen importlib._bootstrap>", line 488, in _call_with_frames_removed
  File "passenger_wsgi.py", line 16, in <module>
    wsgi = load_source('wsgi', 'passenger_wsgi.py')
           ^^^^^^^^^^^^^^^^^^^^^^^^^^^^^^^^^^^^^^^^
  File "passenger_wsgi.py", line 13, in load_source
    loader.exec_module(module)
  File "<frozen importlib._bootstrap_external>", line 999, in exec_module
  File "<frozen importlib._bootstrap>", line 488, in _call_with_frames_removed
  File "passenger_wsgi.py", line 16, in <module>
    wsgi = load_source('wsgi', 'passenger_wsgi.py')
           ^^^^^^^^^^^^^^^^^^^^^^^^^^^^^^^^^^^^^^^^
  File "passenger_wsgi.py", line 13, in load_source
    loader.exec_module(module)
  File "<frozen importlib._bootstrap_external>", line 999, in exec_module
  File "<frozen importlib._bootstrap>", line 488, in _call_with_frames_removed
  File "passenger_wsgi.py", line 16, in <module>
    wsgi = load_source('wsgi', 'passenger_wsgi.py')
           ^^^^^^^^^^^^^^^^^^^^^^^^^^^^^^^^^^^^^^^^
  File "passenger_wsgi.py", line 13, in load_source
    loader.exec_module(module)
  File "<frozen importlib._bootstrap_external>", line 999, in exec_module
  File "<frozen importlib._bootstrap>", line 488, in _call_with_frames_removed
  File "passenger_wsgi.py", line 16, in <module>
    wsgi = load_source('wsgi', 'passenger_wsgi.py')
           ^^^^^^^^^^^^^^^^^^^^^^^^^^^^^^^^^^^^^^^^
  File "passenger_wsgi.py", line 13, in load_source
    loader.exec_module(module)
  File "<frozen importlib._bootstrap_external>", line 999, in exec_module
  File "<frozen importlib._bootstrap>", line 488, in _call_with_frames_removed
  File "passenger_wsgi.py", line 16, in <module>
    wsgi = load_source('wsgi', 'passenger_wsgi.py')
           ^^^^^^^^^^^^^^^^^^^^^^^^^^^^^^^^^^^^^^^^
  File "passenger_wsgi.py", line 13, in load_source
    loader.exec_module(module)
  File "<frozen importlib._bootstrap_external>", line 999, in exec_module
  File "<frozen importlib._bootstrap>", line 488, in _call_with_frames_removed
  File "passenger_wsgi.py", line 16, in <module>
    wsgi = load_source('wsgi', 'passenger_wsgi.py')
           ^^^^^^^^^^^^^^^^^^^^^^^^^^^^^^^^^^^^^^^^
  File "passenger_wsgi.py", line 13, in load_source
    loader.exec_module(module)
  File "<frozen importlib._bootstrap_external>", line 999, in exec_module
  File "<frozen importlib._bootstrap>", line 488, in _call_with_frames_removed
  File "passenger_wsgi.py", line 16, in <module>
    wsgi = load_source('wsgi', 'passenger_wsgi.py')
           ^^^^^^^^^^^^^^^^^^^^^^^^^^^^^^^^^^^^^^^^
  File "passenger_wsgi.py", line 13, in load_source
    loader.exec_module(module)
  File "<frozen importlib._bootstrap_external>", line 999, in exec_module
  File "<frozen importlib._bootstrap>", line 488, in _call_with_frames_removed
  File "passenger_wsgi.py", line 16, in <module>
    wsgi = load_source('wsgi', 'passenger_wsgi.py')
           ^^^^^^^^^^^^^^^^^^^^^^^^^^^^^^^^^^^^^^^^
  File "passenger_wsgi.py", line 13, in load_source
    loader.exec_module(module)
  File "<frozen importlib._bootstrap_external>", line 999, in exec_module
  File "<frozen importlib._bootstrap>", line 488, in _call_with_frames_removed
  File "passenger_wsgi.py", line 16, in <module>
    wsgi = load_source('wsgi', 'passenger_wsgi.py')
           ^^^^^^^^^^^^^^^^^^^^^^^^^^^^^^^^^^^^^^^^
  File "passenger_wsgi.py", line 13, in load_source
    loader.exec_module(module)
  File "<frozen importlib._bootstrap_external>", line 999, in exec_module
  File "<frozen importlib._bootstrap>", line 488, in _call_with_frames_removed
  File "passenger_wsgi.py", line 16, in <module>
    wsgi = load_source('wsgi', 'passenger_wsgi.py')
           ^^^^^^^^^^^^^^^^^^^^^^^^^^^^^^^^^^^^^^^^
  File "passenger_wsgi.py", line 13, in load_source
    loader.exec_module(module)
  File "<frozen importlib._bootstrap_external>", line 999, in exec_module
  File "<frozen importlib._bootstrap>", line 488, in _call_with_frames_removed
  File "passenger_wsgi.py", line 16, in <module>
    wsgi = load_source('wsgi', 'passenger_wsgi.py')
           ^^^^^^^^^^^^^^^^^^^^^^^^^^^^^^^^^^^^^^^^
  File "passenger_wsgi.py", line 13, in load_source
    loader.exec_module(module)
  File "<frozen importlib._bootstrap_external>", line 999, in exec_module
  File "<frozen importlib._bootstrap>", line 488, in _call_with_frames_removed
  File "passenger_wsgi.py", line 16, in <module>
    wsgi = load_source('wsgi', 'passenger_wsgi.py')
           ^^^^^^^^^^^^^^^^^^^^^^^^^^^^^^^^^^^^^^^^
  File "passenger_wsgi.py", line 13, in load_source
    loader.exec_module(module)
  File "<frozen importlib._bootstrap_external>", line 999, in exec_module
  File "<frozen importlib._bootstrap>", line 488, in _call_with_frames_removed
  File "passenger_wsgi.py", line 16, in <module>
    wsgi = load_source('wsgi', 'passenger_wsgi.py')
           ^^^^^^^^^^^^^^^^^^^^^^^^^^^^^^^^^^^^^^^^
  File "passenger_wsgi.py", line 13, in load_source
    loader.exec_module(module)
  File "<frozen importlib._bootstrap_external>", line 999, in exec_module
  File "<frozen importlib._bootstrap>", line 488, in _call_with_frames_removed
  File "passenger_wsgi.py", line 16, in <module>
    wsgi = load_source('wsgi', 'passenger_wsgi.py')
           ^^^^^^^^^^^^^^^^^^^^^^^^^^^^^^^^^^^^^^^^
  File "passenger_wsgi.py", line 13, in load_source
    loader.exec_module(module)
  File "<frozen importlib._bootstrap_external>", line 999, in exec_module
  File "<frozen importlib._bootstrap>", line 488, in _call_with_frames_removed
  File "passenger_wsgi.py", line 16, in <module>
    wsgi = load_source('wsgi', 'passenger_wsgi.py')
           ^^^^^^^^^^^^^^^^^^^^^^^^^^^^^^^^^^^^^^^^
  File "passenger_wsgi.py", line 13, in load_source
    loader.exec_module(module)
  File "<frozen importlib._bootstrap_external>", line 999, in exec_module
  File "<frozen importlib._bootstrap>", line 488, in _call_with_frames_removed
  File "passenger_wsgi.py", line 16, in <module>
    wsgi = load_source('wsgi', 'passenger_wsgi.py')
           ^^^^^^^^^^^^^^^^^^^^^^^^^^^^^^^^^^^^^^^^
  File "passenger_wsgi.py", line 13, in load_source
    loader.exec_module(module)
  File "<frozen importlib._bootstrap_external>", line 999, in exec_module
  File "<frozen importlib._bootstrap>", line 488, in _call_with_frames_removed
  File "passenger_wsgi.py", line 16, in <module>
    wsgi = load_source('wsgi', 'passenger_wsgi.py')
           ^^^^^^^^^^^^^^^^^^^^^^^^^^^^^^^^^^^^^^^^
  File "passenger_wsgi.py", line 13, in load_source
    loader.exec_module(module)
  File "<frozen importlib._bootstrap_external>", line 999, in exec_module
  File "<frozen importlib._bootstrap>", line 488, in _call_with_frames_removed
  File "passenger_wsgi.py", line 16, in <module>
    wsgi = load_source('wsgi', 'passenger_wsgi.py')
           ^^^^^^^^^^^^^^^^^^^^^^^^^^^^^^^^^^^^^^^^
  File "passenger_wsgi.py", line 13, in load_source
    loader.exec_module(module)
  File "<frozen importlib._bootstrap_external>", line 999, in exec_module
  File "<frozen importlib._bootstrap>", line 488, in _call_with_frames_removed
  File "passenger_wsgi.py", line 16, in <module>
    wsgi = load_source('wsgi', 'passenger_wsgi.py')
           ^^^^^^^^^^^^^^^^^^^^^^^^^^^^^^^^^^^^^^^^
  File "passenger_wsgi.py", line 13, in load_source
    loader.exec_module(module)
  File "<frozen importlib._bootstrap_external>", line 999, in exec_module
  File "<frozen importlib._bootstrap>", line 488, in _call_with_frames_removed
  File "passenger_wsgi.py", line 16, in <module>
    wsgi = load_source('wsgi', 'passenger_wsgi.py')
           ^^^^^^^^^^^^^^^^^^^^^^^^^^^^^^^^^^^^^^^^
  File "passenger_wsgi.py", line 13, in load_source
    loader.exec_module(module)
  File "<frozen importlib._bootstrap_external>", line 999, in exec_module
  File "<frozen importlib._bootstrap>", line 488, in _call_with_frames_removed
  File "passenger_wsgi.py", line 16, in <module>
    wsgi = load_source('wsgi', 'passenger_wsgi.py')
           ^^^^^^^^^^^^^^^^^^^^^^^^^^^^^^^^^^^^^^^^
  File "passenger_wsgi.py", line 13, in load_source
    loader.exec_module(module)
  File "<frozen importlib._bootstrap_external>", line 999, in exec_module
  File "<frozen importlib._bootstrap>", line 488, in _call_with_frames_removed
  File "passenger_wsgi.py", line 16, in <module>
    wsgi = load_source('wsgi', 'passenger_wsgi.py')
           ^^^^^^^^^^^^^^^^^^^^^^^^^^^^^^^^^^^^^^^^
  File "passenger_wsgi.py", line 13, in load_source
    loader.exec_module(module)
  File "<frozen importlib._bootstrap_external>", line 999, in exec_module
  File "<frozen importlib._bootstrap>", line 488, in _call_with_frames_removed
  File "passenger_wsgi.py", line 16, in <module>
    wsgi = load_source('wsgi', 'passenger_wsgi.py')
           ^^^^^^^^^^^^^^^^^^^^^^^^^^^^^^^^^^^^^^^^
  File "passenger_wsgi.py", line 13, in load_source
    loader.exec_module(module)
  File "<frozen importlib._bootstrap_external>", line 999, in exec_module
  File "<frozen importlib._bootstrap>", line 488, in _call_with_frames_removed
  File "passenger_wsgi.py", line 16, in <module>
    wsgi = load_source('wsgi', 'passenger_wsgi.py')
           ^^^^^^^^^^^^^^^^^^^^^^^^^^^^^^^^^^^^^^^^
  File "passenger_wsgi.py", line 13, in load_source
    loader.exec_module(module)
  File "<frozen importlib._bootstrap_external>", line 999, in exec_module
  File "<frozen importlib._bootstrap>", line 488, in _call_with_frames_removed
  File "passenger_wsgi.py", line 16, in <module>
    wsgi = load_source('wsgi', 'passenger_wsgi.py')
           ^^^^^^^^^^^^^^^^^^^^^^^^^^^^^^^^^^^^^^^^
  File "passenger_wsgi.py", line 13, in load_source
    loader.exec_module(module)
  File "<frozen importlib._bootstrap_external>", line 999, in exec_module
  File "<frozen importlib._bootstrap>", line 488, in _call_with_frames_removed
  File "passenger_wsgi.py", line 16, in <module>
    wsgi = load_source('wsgi', 'passenger_wsgi.py')
           ^^^^^^^^^^^^^^^^^^^^^^^^^^^^^^^^^^^^^^^^
  File "passenger_wsgi.py", line 13, in load_source
    loader.exec_module(module)
  File "<frozen importlib._bootstrap_external>", line 999, in exec_module
  File "<frozen importlib._bootstrap>", line 488, in _call_with_frames_removed
  File "passenger_wsgi.py", line 16, in <module>
    wsgi = load_source('wsgi', 'passenger_wsgi.py')
           ^^^^^^^^^^^^^^^^^^^^^^^^^^^^^^^^^^^^^^^^
  File "passenger_wsgi.py", line 13, in load_source
    loader.exec_module(module)
  File "<frozen importlib._bootstrap_external>", line 999, in exec_module
  File "<frozen importlib._bootstrap>", line 488, in _call_with_frames_removed
  File "passenger_wsgi.py", line 16, in <module>
    wsgi = load_source('wsgi', 'passenger_wsgi.py')
           ^^^^^^^^^^^^^^^^^^^^^^^^^^^^^^^^^^^^^^^^
  File "passenger_wsgi.py", line 13, in load_source
    loader.exec_module(module)
  File "<frozen importlib._bootstrap_external>", line 999, in exec_module
  File "<frozen importlib._bootstrap>", line 488, in _call_with_frames_removed
  File "passenger_wsgi.py", line 16, in <module>
    wsgi = load_source('wsgi', 'passenger_wsgi.py')
           ^^^^^^^^^^^^^^^^^^^^^^^^^^^^^^^^^^^^^^^^
  File "passenger_wsgi.py", line 13, in load_source
    loader.exec_module(module)
  File "<frozen importlib._bootstrap_external>", line 999, in exec_module
  File "<frozen importlib._bootstrap>", line 488, in _call_with_frames_removed
  File "passenger_wsgi.py", line 16, in <module>
    wsgi = load_source('wsgi', 'passenger_wsgi.py')
           ^^^^^^^^^^^^^^^^^^^^^^^^^^^^^^^^^^^^^^^^
  File "passenger_wsgi.py", line 13, in load_source
    loader.exec_module(module)
  File "<frozen importlib._bootstrap_external>", line 999, in exec_module
  File "<frozen importlib._bootstrap>", line 488, in _call_with_frames_removed
  File "passenger_wsgi.py", line 16, in <module>
    wsgi = load_source('wsgi', 'passenger_wsgi.py')
           ^^^^^^^^^^^^^^^^^^^^^^^^^^^^^^^^^^^^^^^^
  File "passenger_wsgi.py", line 13, in load_source
    loader.exec_module(module)
  File "<frozen importlib._bootstrap_external>", line 999, in exec_module
  File "<frozen importlib._bootstrap>", line 488, in _call_with_frames_removed
  File "passenger_wsgi.py", line 16, in <module>
    wsgi = load_source('wsgi', 'passenger_wsgi.py')
           ^^^^^^^^^^^^^^^^^^^^^^^^^^^^^^^^^^^^^^^^
  File "passenger_wsgi.py", line 13, in load_source
    loader.exec_module(module)
  File "<frozen importlib._bootstrap_external>", line 999, in exec_module
  File "<frozen importlib._bootstrap>", line 488, in _call_with_frames_removed
  File "passenger_wsgi.py", line 16, in <module>
    wsgi = load_source('wsgi', 'passenger_wsgi.py')
           ^^^^^^^^^^^^^^^^^^^^^^^^^^^^^^^^^^^^^^^^
  File "passenger_wsgi.py", line 13, in load_source
    loader.exec_module(module)
  File "<frozen importlib._bootstrap_external>", line 999, in exec_module
  File "<frozen importlib._bootstrap>", line 488, in _call_with_frames_removed
  File "passenger_wsgi.py", line 16, in <module>
    wsgi = load_source('wsgi', 'passenger_wsgi.py')
           ^^^^^^^^^^^^^^^^^^^^^^^^^^^^^^^^^^^^^^^^
  File "passenger_wsgi.py", line 13, in load_source
    loader.exec_module(module)
  File "<frozen importlib._bootstrap_external>", line 999, in exec_module
  File "<frozen importlib._bootstrap>", line 488, in _call_with_frames_removed
  File "passenger_wsgi.py", line 16, in <module>
    wsgi = load_source('wsgi', 'passenger_wsgi.py')
           ^^^^^^^^^^^^^^^^^^^^^^^^^^^^^^^^^^^^^^^^
  File "passenger_wsgi.py", line 13, in load_source
    loader.exec_module(module)
  File "<frozen importlib._bootstrap_external>", line 999, in exec_module
  File "<frozen importlib._bootstrap>", line 488, in _call_with_frames_removed
  File "passenger_wsgi.py", line 16, in <module>
    wsgi = load_source('wsgi', 'passenger_wsgi.py')
           ^^^^^^^^^^^^^^^^^^^^^^^^^^^^^^^^^^^^^^^^
  File "passenger_wsgi.py", line 13, in load_source
    loader.exec_module(module)
  File "<frozen importlib._bootstrap_external>", line 999, in exec_module
  File "<frozen importlib._bootstrap>", line 488, in _call_with_frames_removed
  File "passenger_wsgi.py", line 16, in <module>
    wsgi = load_source('wsgi', 'passenger_wsgi.py')
           ^^^^^^^^^^^^^^^^^^^^^^^^^^^^^^^^^^^^^^^^
  File "passenger_wsgi.py", line 13, in load_source
    loader.exec_module(module)
  File "<frozen importlib._bootstrap_external>", line 999, in exec_module
  File "<frozen importlib._bootstrap>", line 488, in _call_with_frames_removed
  File "passenger_wsgi.py", line 16, in <module>
    wsgi = load_source('wsgi', 'passenger_wsgi.py')
           ^^^^^^^^^^^^^^^^^^^^^^^^^^^^^^^^^^^^^^^^
  File "passenger_wsgi.py", line 13, in load_source
    loader.exec_module(module)
  File "<frozen importlib._bootstrap_external>", line 999, in exec_module
  File "<frozen importlib._bootstrap>", line 488, in _call_with_frames_removed
  File "passenger_wsgi.py", line 16, in <module>
    wsgi = load_source('wsgi', 'passenger_wsgi.py')
           ^^^^^^^^^^^^^^^^^^^^^^^^^^^^^^^^^^^^^^^^
  File "passenger_wsgi.py", line 13, in load_source
    loader.exec_module(module)
  File "<frozen importlib._bootstrap_external>", line 999, in exec_module
  File "<frozen importlib._bootstrap>", line 488, in _call_with_frames_removed
  File "passenger_wsgi.py", line 16, in <module>
    wsgi = load_source('wsgi', 'passenger_wsgi.py')
           ^^^^^^^^^^^^^^^^^^^^^^^^^^^^^^^^^^^^^^^^
  File "passenger_wsgi.py", line 13, in load_source
    loader.exec_module(module)
  File "<frozen importlib._bootstrap_external>", line 999, in exec_module
  File "<frozen importlib._bootstrap>", line 488, in _call_with_frames_removed
  File "passenger_wsgi.py", line 16, in <module>
    wsgi = load_source('wsgi', 'passenger_wsgi.py')
           ^^^^^^^^^^^^^^^^^^^^^^^^^^^^^^^^^^^^^^^^
  File "passenger_wsgi.py", line 13, in load_source
    loader.exec_module(module)
  File "<frozen importlib._bootstrap_external>", line 999, in exec_module
  File "<frozen importlib._bootstrap>", line 488, in _call_with_frames_removed
  File "passenger_wsgi.py", line 16, in <module>
    wsgi = load_source('wsgi', 'passenger_wsgi.py')
           ^^^^^^^^^^^^^^^^^^^^^^^^^^^^^^^^^^^^^^^^
  File "passenger_wsgi.py", line 13, in load_source
    loader.exec_module(module)
  File "<frozen importlib._bootstrap_external>", line 999, in exec_module
  File "<frozen importlib._bootstrap>", line 488, in _call_with_frames_removed
  File "passenger_wsgi.py", line 16, in <module>
    wsgi = load_source('wsgi', 'passenger_wsgi.py')
           ^^^^^^^^^^^^^^^^^^^^^^^^^^^^^^^^^^^^^^^^
  File "passenger_wsgi.py", line 13, in load_source
    loader.exec_module(module)
  File "<frozen importlib._bootstrap_external>", line 999, in exec_module
  File "<frozen importlib._bootstrap>", line 488, in _call_with_frames_removed
  File "passenger_wsgi.py", line 16, in <module>
    wsgi = load_source('wsgi', 'passenger_wsgi.py')
           ^^^^^^^^^^^^^^^^^^^^^^^^^^^^^^^^^^^^^^^^
  File "passenger_wsgi.py", line 13, in load_source
    loader.exec_module(module)
  File "<frozen importlib._bootstrap_external>", line 999, in exec_module
  File "<frozen importlib._bootstrap>", line 488, in _call_with_frames_removed
  File "passenger_wsgi.py", line 16, in <module>
    wsgi = load_source('wsgi', 'passenger_wsgi.py')
           ^^^^^^^^^^^^^^^^^^^^^^^^^^^^^^^^^^^^^^^^
  File "passenger_wsgi.py", line 13, in load_source
    loader.exec_module(module)
  File "<frozen importlib._bootstrap_external>", line 999, in exec_module
  File "<frozen importlib._bootstrap>", line 488, in _call_with_frames_removed
  File "passenger_wsgi.py", line 16, in <module>
    wsgi = load_source('wsgi', 'passenger_wsgi.py')
           ^^^^^^^^^^^^^^^^^^^^^^^^^^^^^^^^^^^^^^^^
  File "passenger_wsgi.py", line 13, in load_source
    loader.exec_module(module)
  File "<frozen importlib._bootstrap_external>", line 999, in exec_module
  File "<frozen importlib._bootstrap>", line 488, in _call_with_frames_removed
  File "passenger_wsgi.py", line 16, in <module>
    wsgi = load_source('wsgi', 'passenger_wsgi.py')
           ^^^^^^^^^^^^^^^^^^^^^^^^^^^^^^^^^^^^^^^^
  File "passenger_wsgi.py", line 13, in load_source
    loader.exec_module(module)
  File "<frozen importlib._bootstrap_external>", line 999, in exec_module
  File "<frozen importlib._bootstrap>", line 488, in _call_with_frames_removed
  File "passenger_wsgi.py", line 16, in <module>
    wsgi = load_source('wsgi', 'passenger_wsgi.py')
           ^^^^^^^^^^^^^^^^^^^^^^^^^^^^^^^^^^^^^^^^
  File "passenger_wsgi.py", line 13, in load_source
    loader.exec_module(module)
  File "<frozen importlib._bootstrap_external>", line 999, in exec_module
  File "<frozen importlib._bootstrap>", line 488, in _call_with_frames_removed
  File "passenger_wsgi.py", line 16, in <module>
    wsgi = load_source('wsgi', 'passenger_wsgi.py')
           ^^^^^^^^^^^^^^^^^^^^^^^^^^^^^^^^^^^^^^^^
  File "passenger_wsgi.py", line 13, in load_source
    loader.exec_module(module)
  File "<frozen importlib._bootstrap_external>", line 999, in exec_module
  File "<frozen importlib._bootstrap>", line 488, in _call_with_frames_removed
  File "passenger_wsgi.py", line 16, in <module>
    wsgi = load_source('wsgi', 'passenger_wsgi.py')
           ^^^^^^^^^^^^^^^^^^^^^^^^^^^^^^^^^^^^^^^^
  File "passenger_wsgi.py", line 13, in load_source
    loader.exec_module(module)
  File "<frozen importlib._bootstrap_external>", line 999, in exec_module
  File "<frozen importlib._bootstrap>", line 488, in _call_with_frames_removed
  File "passenger_wsgi.py", line 16, in <module>
    wsgi = load_source('wsgi', 'passenger_wsgi.py')
           ^^^^^^^^^^^^^^^^^^^^^^^^^^^^^^^^^^^^^^^^
  File "passenger_wsgi.py", line 13, in load_source
    loader.exec_module(module)
  File "<frozen importlib._bootstrap_external>", line 999, in exec_module
  File "<frozen importlib._bootstrap>", line 488, in _call_with_frames_removed
  File "passenger_wsgi.py", line 16, in <module>
    wsgi = load_source('wsgi', 'passenger_wsgi.py')
           ^^^^^^^^^^^^^^^^^^^^^^^^^^^^^^^^^^^^^^^^
  File "passenger_wsgi.py", line 13, in load_source
    loader.exec_module(module)
  File "<frozen importlib._bootstrap_external>", line 999, in exec_module
  File "<frozen importlib._bootstrap>", line 488, in _call_with_frames_removed
  File "passenger_wsgi.py", line 16, in <module>
    wsgi = load_source('wsgi', 'passenger_wsgi.py')
           ^^^^^^^^^^^^^^^^^^^^^^^^^^^^^^^^^^^^^^^^
  File "passenger_wsgi.py", line 13, in load_source
    loader.exec_module(module)
  File "<frozen importlib._bootstrap_external>", line 999, in exec_module
  File "<frozen importlib._bootstrap>", line 488, in _call_with_frames_removed
  File "passenger_wsgi.py", line 16, in <module>
    wsgi = load_source('wsgi', 'passenger_wsgi.py')
           ^^^^^^^^^^^^^^^^^^^^^^^^^^^^^^^^^^^^^^^^
  File "passenger_wsgi.py", line 13, in load_source
    loader.exec_module(module)
  File "<frozen importlib._bootstrap_external>", line 999, in exec_module
  File "<frozen importlib._bootstrap>", line 488, in _call_with_frames_removed
  File "passenger_wsgi.py", line 16, in <module>
    wsgi = load_source('wsgi', 'passenger_wsgi.py')
           ^^^^^^^^^^^^^^^^^^^^^^^^^^^^^^^^^^^^^^^^
  File "passenger_wsgi.py", line 13, in load_source
    loader.exec_module(module)
  File "<frozen importlib._bootstrap_external>", line 999, in exec_module
  File "<frozen importlib._bootstrap>", line 488, in _call_with_frames_removed
  File "passenger_wsgi.py", line 16, in <module>
    wsgi = load_source('wsgi', 'passenger_wsgi.py')
           ^^^^^^^^^^^^^^^^^^^^^^^^^^^^^^^^^^^^^^^^
  File "passenger_wsgi.py", line 13, in load_source
    loader.exec_module(module)
  File "<frozen importlib._bootstrap_external>", line 999, in exec_module
  File "<frozen importlib._bootstrap>", line 488, in _call_with_frames_removed
  File "passenger_wsgi.py", line 16, in <module>
    wsgi = load_source('wsgi', 'passenger_wsgi.py')
           ^^^^^^^^^^^^^^^^^^^^^^^^^^^^^^^^^^^^^^^^
  File "passenger_wsgi.py", line 13, in load_source
    loader.exec_module(module)
  File "<frozen importlib._bootstrap_external>", line 999, in exec_module
  File "<frozen importlib._bootstrap>", line 488, in _call_with_frames_removed
  File "passenger_wsgi.py", line 16, in <module>
    wsgi = load_source('wsgi', 'passenger_wsgi.py')
           ^^^^^^^^^^^^^^^^^^^^^^^^^^^^^^^^^^^^^^^^
  File "passenger_wsgi.py", line 13, in load_source
    loader.exec_module(module)
  File "<frozen importlib._bootstrap_external>", line 999, in exec_module
  File "<frozen importlib._bootstrap>", line 488, in _call_with_frames_removed
  File "passenger_wsgi.py", line 16, in <module>
    wsgi = load_source('wsgi', 'passenger_wsgi.py')
           ^^^^^^^^^^^^^^^^^^^^^^^^^^^^^^^^^^^^^^^^
  File "passenger_wsgi.py", line 13, in load_source
    loader.exec_module(module)
  File "<frozen importlib._bootstrap_external>", line 999, in exec_module
  File "<frozen importlib._bootstrap>", line 488, in _call_with_frames_removed
  File "passenger_wsgi.py", line 16, in <module>
    wsgi = load_source('wsgi', 'passenger_wsgi.py')
           ^^^^^^^^^^^^^^^^^^^^^^^^^^^^^^^^^^^^^^^^
  File "passenger_wsgi.py", line 13, in load_source
    loader.exec_module(module)
  File "<frozen importlib._bootstrap_external>", line 999, in exec_module
  File "<frozen importlib._bootstrap>", line 488, in _call_with_frames_removed
  File "passenger_wsgi.py", line 16, in <module>
    wsgi = load_source('wsgi', 'passenger_wsgi.py')
           ^^^^^^^^^^^^^^^^^^^^^^^^^^^^^^^^^^^^^^^^
  File "passenger_wsgi.py", line 13, in load_source
    loader.exec_module(module)
  File "<frozen importlib._bootstrap_external>", line 999, in exec_module
  File "<frozen importlib._bootstrap>", line 488, in _call_with_frames_removed
  File "passenger_wsgi.py", line 16, in <module>
    wsgi = load_source('wsgi', 'passenger_wsgi.py')
           ^^^^^^^^^^^^^^^^^^^^^^^^^^^^^^^^^^^^^^^^
  File "passenger_wsgi.py", line 13, in load_source
    loader.exec_module(module)
  File "<frozen importlib._bootstrap_external>", line 999, in exec_module
  File "<frozen importlib._bootstrap>", line 488, in _call_with_frames_removed
  File "passenger_wsgi.py", line 16, in <module>
    wsgi = load_source('wsgi', 'passenger_wsgi.py')
           ^^^^^^^^^^^^^^^^^^^^^^^^^^^^^^^^^^^^^^^^
  File "passenger_wsgi.py", line 13, in load_source
    loader.exec_module(module)
  File "<frozen importlib._bootstrap_external>", line 999, in exec_module
  File "<frozen importlib._bootstrap>", line 488, in _call_with_frames_removed
  File "passenger_wsgi.py", line 16, in <module>
    wsgi = load_source('wsgi', 'passenger_wsgi.py')
           ^^^^^^^^^^^^^^^^^^^^^^^^^^^^^^^^^^^^^^^^
  File "passenger_wsgi.py", line 13, in load_source
    loader.exec_module(module)
  File "<frozen importlib._bootstrap_external>", line 999, in exec_module
  File "<frozen importlib._bootstrap>", line 488, in _call_with_frames_removed
  File "passenger_wsgi.py", line 16, in <module>
    wsgi = load_source('wsgi', 'passenger_wsgi.py')
           ^^^^^^^^^^^^^^^^^^^^^^^^^^^^^^^^^^^^^^^^
  File "passenger_wsgi.py", line 13, in load_source
    loader.exec_module(module)
  File "<frozen importlib._bootstrap_external>", line 999, in exec_module
  File "<frozen importlib._bootstrap>", line 488, in _call_with_frames_removed
  File "passenger_wsgi.py", line 16, in <module>
    wsgi = load_source('wsgi', 'passenger_wsgi.py')
           ^^^^^^^^^^^^^^^^^^^^^^^^^^^^^^^^^^^^^^^^
  File "passenger_wsgi.py", line 13, in load_source
    loader.exec_module(module)
  File "<frozen importlib._bootstrap_external>", line 999, in exec_module
  File "<frozen importlib._bootstrap>", line 488, in _call_with_frames_removed
  File "passenger_wsgi.py", line 16, in <module>
    wsgi = load_source('wsgi', 'passenger_wsgi.py')
           ^^^^^^^^^^^^^^^^^^^^^^^^^^^^^^^^^^^^^^^^
  File "passenger_wsgi.py", line 13, in load_source
    loader.exec_module(module)
  File "<frozen importlib._bootstrap_external>", line 999, in exec_module
  File "<frozen importlib._bootstrap>", line 488, in _call_with_frames_removed
  File "passenger_wsgi.py", line 16, in <module>
    wsgi = load_source('wsgi', 'passenger_wsgi.py')
           ^^^^^^^^^^^^^^^^^^^^^^^^^^^^^^^^^^^^^^^^
  File "passenger_wsgi.py", line 13, in load_source
    loader.exec_module(module)
  File "<frozen importlib._bootstrap_external>", line 999, in exec_module
  File "<frozen importlib._bootstrap>", line 488, in _call_with_frames_removed
  File "passenger_wsgi.py", line 16, in <module>
    wsgi = load_source('wsgi', 'passenger_wsgi.py')
           ^^^^^^^^^^^^^^^^^^^^^^^^^^^^^^^^^^^^^^^^
  File "passenger_wsgi.py", line 13, in load_source
    loader.exec_module(module)
  File "<frozen importlib._bootstrap_external>", line 999, in exec_module
  File "<frozen importlib._bootstrap>", line 488, in _call_with_frames_removed
  File "passenger_wsgi.py", line 16, in <module>
    wsgi = load_source('wsgi', 'passenger_wsgi.py')
           ^^^^^^^^^^^^^^^^^^^^^^^^^^^^^^^^^^^^^^^^
  File "passenger_wsgi.py", line 13, in load_source
    loader.exec_module(module)
  File "<frozen importlib._bootstrap_external>", line 999, in exec_module
  File "<frozen importlib._bootstrap>", line 488, in _call_with_frames_removed
  File "passenger_wsgi.py", line 16, in <module>
    wsgi = load_source('wsgi', 'passenger_wsgi.py')
           ^^^^^^^^^^^^^^^^^^^^^^^^^^^^^^^^^^^^^^^^
  File "passenger_wsgi.py", line 13, in load_source
    loader.exec_module(module)
  File "<frozen importlib._bootstrap_external>", line 999, in exec_module
  File "<frozen importlib._bootstrap>", line 488, in _call_with_frames_removed
  File "passenger_wsgi.py", line 16, in <module>
    wsgi = load_source('wsgi', 'passenger_wsgi.py')
           ^^^^^^^^^^^^^^^^^^^^^^^^^^^^^^^^^^^^^^^^
  File "passenger_wsgi.py", line 13, in load_source
    loader.exec_module(module)
  File "<frozen importlib._bootstrap_external>", line 999, in exec_module
  File "<frozen importlib._bootstrap>", line 488, in _call_with_frames_removed
  File "passenger_wsgi.py", line 16, in <module>
    wsgi = load_source('wsgi', 'passenger_wsgi.py')
           ^^^^^^^^^^^^^^^^^^^^^^^^^^^^^^^^^^^^^^^^
  File "passenger_wsgi.py", line 13, in load_source
    loader.exec_module(module)
  File "<frozen importlib._bootstrap_external>", line 999, in exec_module
  File "<frozen importlib._bootstrap>", line 488, in _call_with_frames_removed
  File "passenger_wsgi.py", line 16, in <module>
    wsgi = load_source('wsgi', 'passenger_wsgi.py')
           ^^^^^^^^^^^^^^^^^^^^^^^^^^^^^^^^^^^^^^^^
  File "passenger_wsgi.py", line 13, in load_source
    loader.exec_module(module)
  File "<frozen importlib._bootstrap_external>", line 999, in exec_module
  File "<frozen importlib._bootstrap>", line 488, in _call_with_frames_removed
  File "passenger_wsgi.py", line 16, in <module>
    wsgi = load_source('wsgi', 'passenger_wsgi.py')
           ^^^^^^^^^^^^^^^^^^^^^^^^^^^^^^^^^^^^^^^^
  File "passenger_wsgi.py", line 13, in load_source
    loader.exec_module(module)
  File "<frozen importlib._bootstrap_external>", line 999, in exec_module
  File "<frozen importlib._bootstrap>", line 488, in _call_with_frames_removed
  File "passenger_wsgi.py", line 16, in <module>
    wsgi = load_source('wsgi', 'passenger_wsgi.py')
           ^^^^^^^^^^^^^^^^^^^^^^^^^^^^^^^^^^^^^^^^
  File "passenger_wsgi.py", line 13, in load_source
    loader.exec_module(module)
  File "<frozen importlib._bootstrap_external>", line 999, in exec_module
  File "<frozen importlib._bootstrap>", line 488, in _call_with_frames_removed
  File "passenger_wsgi.py", line 16, in <module>
    wsgi = load_source('wsgi', 'passenger_wsgi.py')
           ^^^^^^^^^^^^^^^^^^^^^^^^^^^^^^^^^^^^^^^^
  File "passenger_wsgi.py", line 13, in load_source
    loader.exec_module(module)
  File "<frozen importlib._bootstrap_external>", line 999, in exec_module
  File "<frozen importlib._bootstrap>", line 488, in _call_with_frames_removed
  File "passenger_wsgi.py", line 16, in <module>
    wsgi = load_source('wsgi', 'passenger_wsgi.py')
           ^^^^^^^^^^^^^^^^^^^^^^^^^^^^^^^^^^^^^^^^
  File "passenger_wsgi.py", line 13, in load_source
    loader.exec_module(module)
  File "<frozen importlib._bootstrap_external>", line 999, in exec_module
  File "<frozen importlib._bootstrap>", line 488, in _call_with_frames_removed
  File "passenger_wsgi.py", line 16, in <module>
    wsgi = load_source('wsgi', 'passenger_wsgi.py')
           ^^^^^^^^^^^^^^^^^^^^^^^^^^^^^^^^^^^^^^^^
  File "passenger_wsgi.py", line 13, in load_source
    loader.exec_module(module)
  File "<frozen importlib._bootstrap_external>", line 999, in exec_module
  File "<frozen importlib._bootstrap>", line 488, in _call_with_frames_removed
  File "passenger_wsgi.py", line 16, in <module>
    wsgi = load_source('wsgi', 'passenger_wsgi.py')
           ^^^^^^^^^^^^^^^^^^^^^^^^^^^^^^^^^^^^^^^^
  File "passenger_wsgi.py", line 13, in load_source
    loader.exec_module(module)
  File "<frozen importlib._bootstrap_external>", line 999, in exec_module
  File "<frozen importlib._bootstrap>", line 488, in _call_with_frames_removed
  File "passenger_wsgi.py", line 16, in <module>
    wsgi = load_source('wsgi', 'passenger_wsgi.py')
           ^^^^^^^^^^^^^^^^^^^^^^^^^^^^^^^^^^^^^^^^
  File "passenger_wsgi.py", line 13, in load_source
    loader.exec_module(module)
  File "<frozen importlib._bootstrap_external>", line 999, in exec_module
  File "<frozen importlib._bootstrap>", line 488, in _call_with_frames_removed
  File "passenger_wsgi.py", line 16, in <module>
    wsgi = load_source('wsgi', 'passenger_wsgi.py')
           ^^^^^^^^^^^^^^^^^^^^^^^^^^^^^^^^^^^^^^^^
  File "passenger_wsgi.py", line 13, in load_source
    loader.exec_module(module)
  File "<frozen importlib._bootstrap_external>", line 999, in exec_module
  File "<frozen importlib._bootstrap>", line 488, in _call_with_frames_removed
  File "passenger_wsgi.py", line 16, in <module>
    wsgi = load_source('wsgi', 'passenger_wsgi.py')
           ^^^^^^^^^^^^^^^^^^^^^^^^^^^^^^^^^^^^^^^^
  File "passenger_wsgi.py", line 13, in load_source
    loader.exec_module(module)
  File "<frozen importlib._bootstrap_external>", line 999, in exec_module
  File "<frozen importlib._bootstrap>", line 488, in _call_with_frames_removed
  File "passenger_wsgi.py", line 16, in <module>
    wsgi = load_source('wsgi', 'passenger_wsgi.py')
           ^^^^^^^^^^^^^^^^^^^^^^^^^^^^^^^^^^^^^^^^
  File "passenger_wsgi.py", line 13, in load_source
    loader.exec_module(module)
  File "<frozen importlib._bootstrap_external>", line 999, in exec_module
  File "<frozen importlib._bootstrap>", line 488, in _call_with_frames_removed
  File "passenger_wsgi.py", line 16, in <module>
    wsgi = load_source('wsgi', 'passenger_wsgi.py')
           ^^^^^^^^^^^^^^^^^^^^^^^^^^^^^^^^^^^^^^^^
  File "passenger_wsgi.py", line 13, in load_source
    loader.exec_module(module)
  File "<frozen importlib._bootstrap_external>", line 999, in exec_module
  File "<frozen importlib._bootstrap>", line 488, in _call_with_frames_removed
  File "passenger_wsgi.py", line 16, in <module>
    wsgi = load_source('wsgi', 'passenger_wsgi.py')
           ^^^^^^^^^^^^^^^^^^^^^^^^^^^^^^^^^^^^^^^^
  File "passenger_wsgi.py", line 13, in load_source
    loader.exec_module(module)
  File "<frozen importlib._bootstrap_external>", line 999, in exec_module
  File "<frozen importlib._bootstrap>", line 488, in _call_with_frames_removed
  File "passenger_wsgi.py", line 16, in <module>
    wsgi = load_source('wsgi', 'passenger_wsgi.py')
           ^^^^^^^^^^^^^^^^^^^^^^^^^^^^^^^^^^^^^^^^
  File "passenger_wsgi.py", line 13, in load_source
    loader.exec_module(module)
  File "<frozen importlib._bootstrap_external>", line 999, in exec_module
  File "<frozen importlib._bootstrap>", line 488, in _call_with_frames_removed
  File "passenger_wsgi.py", line 16, in <module>
    wsgi = load_source('wsgi', 'passenger_wsgi.py')
           ^^^^^^^^^^^^^^^^^^^^^^^^^^^^^^^^^^^^^^^^
  File "passenger_wsgi.py", line 13, in load_source
    loader.exec_module(module)
  File "<frozen importlib._bootstrap_external>", line 999, in exec_module
  File "<frozen importlib._bootstrap>", line 488, in _call_with_frames_removed
  File "passenger_wsgi.py", line 16, in <module>
    wsgi = load_source('wsgi', 'passenger_wsgi.py')
           ^^^^^^^^^^^^^^^^^^^^^^^^^^^^^^^^^^^^^^^^
  File "passenger_wsgi.py", line 13, in load_source
    loader.exec_module(module)
  File "<frozen importlib._bootstrap_external>", line 999, in exec_module
  File "<frozen importlib._bootstrap>", line 488, in _call_with_frames_removed
  File "passenger_wsgi.py", line 16, in <module>
    wsgi = load_source('wsgi', 'passenger_wsgi.py')
           ^^^^^^^^^^^^^^^^^^^^^^^^^^^^^^^^^^^^^^^^
  File "passenger_wsgi.py", line 13, in load_source
    loader.exec_module(module)
  File "<frozen importlib._bootstrap_external>", line 999, in exec_module
  File "<frozen importlib._bootstrap>", line 488, in _call_with_frames_removed
  File "passenger_wsgi.py", line 16, in <module>
    wsgi = load_source('wsgi', 'passenger_wsgi.py')
           ^^^^^^^^^^^^^^^^^^^^^^^^^^^^^^^^^^^^^^^^
  File "passenger_wsgi.py", line 13, in load_source
    loader.exec_module(module)
  File "<frozen importlib._bootstrap_external>", line 999, in exec_module
  File "<frozen importlib._bootstrap>", line 488, in _call_with_frames_removed
  File "passenger_wsgi.py", line 16, in <module>
    wsgi = load_source('wsgi', 'passenger_wsgi.py')
           ^^^^^^^^^^^^^^^^^^^^^^^^^^^^^^^^^^^^^^^^
  File "passenger_wsgi.py", line 13, in load_source
    loader.exec_module(module)
  File "<frozen importlib._bootstrap_external>", line 999, in exec_module
  File "<frozen importlib._bootstrap>", line 488, in _call_with_frames_removed
  File "passenger_wsgi.py", line 16, in <module>
    wsgi = load_source('wsgi', 'passenger_wsgi.py')
           ^^^^^^^^^^^^^^^^^^^^^^^^^^^^^^^^^^^^^^^^
  File "passenger_wsgi.py", line 13, in load_source
    loader.exec_module(module)
  File "<frozen importlib._bootstrap_external>", line 999, in exec_module
  File "<frozen importlib._bootstrap>", line 488, in _call_with_frames_removed
  File "passenger_wsgi.py", line 16, in <module>
    wsgi = load_source('wsgi', 'passenger_wsgi.py')
           ^^^^^^^^^^^^^^^^^^^^^^^^^^^^^^^^^^^^^^^^
  File "passenger_wsgi.py", line 13, in load_source
    loader.exec_module(module)
  File "<frozen importlib._bootstrap_external>", line 999, in exec_module
  File "<frozen importlib._bootstrap>", line 488, in _call_with_frames_removed
  File "passenger_wsgi.py", line 16, in <module>
    wsgi = load_source('wsgi', 'passenger_wsgi.py')
           ^^^^^^^^^^^^^^^^^^^^^^^^^^^^^^^^^^^^^^^^
  File "passenger_wsgi.py", line 13, in load_source
    loader.exec_module(module)
  File "<frozen importlib._bootstrap_external>", line 999, in exec_module
  File "<frozen importlib._bootstrap>", line 488, in _call_with_frames_removed
  File "passenger_wsgi.py", line 16, in <module>
    wsgi = load_source('wsgi', 'passenger_wsgi.py')
           ^^^^^^^^^^^^^^^^^^^^^^^^^^^^^^^^^^^^^^^^
  File "passenger_wsgi.py", line 13, in load_source
    loader.exec_module(module)
  File "<frozen importlib._bootstrap_external>", line 999, in exec_module
  File "<frozen importlib._bootstrap>", line 488, in _call_with_frames_removed
  File "passenger_wsgi.py", line 16, in <module>
    wsgi = load_source('wsgi', 'passenger_wsgi.py')
           ^^^^^^^^^^^^^^^^^^^^^^^^^^^^^^^^^^^^^^^^
  File "passenger_wsgi.py", line 13, in load_source
    loader.exec_module(module)
  File "<frozen importlib._bootstrap_external>", line 999, in exec_module
  File "<frozen importlib._bootstrap>", line 488, in _call_with_frames_removed
  File "passenger_wsgi.py", line 16, in <module>
    wsgi = load_source('wsgi', 'passenger_wsgi.py')
           ^^^^^^^^^^^^^^^^^^^^^^^^^^^^^^^^^^^^^^^^
  File "passenger_wsgi.py", line 13, in load_source
    loader.exec_module(module)
  File "<frozen importlib._bootstrap_external>", line 999, in exec_module
  File "<frozen importlib._bootstrap>", line 488, in _call_with_frames_removed
  File "passenger_wsgi.py", line 16, in <module>
    wsgi = load_source('wsgi', 'passenger_wsgi.py')
           ^^^^^^^^^^^^^^^^^^^^^^^^^^^^^^^^^^^^^^^^
  File "passenger_wsgi.py", line 13, in load_source
    loader.exec_module(module)
  File "<frozen importlib._bootstrap_external>", line 999, in exec_module
  File "<frozen importlib._bootstrap>", line 488, in _call_with_frames_removed
  File "passenger_wsgi.py", line 16, in <module>
    wsgi = load_source('wsgi', 'passenger_wsgi.py')
           ^^^^^^^^^^^^^^^^^^^^^^^^^^^^^^^^^^^^^^^^
  File "passenger_wsgi.py", line 13, in load_source
    loader.exec_module(module)
  File "<frozen importlib._bootstrap_external>", line 999, in exec_module
  File "<frozen importlib._bootstrap>", line 488, in _call_with_frames_removed
  File "passenger_wsgi.py", line 16, in <module>
    wsgi = load_source('wsgi', 'passenger_wsgi.py')
           ^^^^^^^^^^^^^^^^^^^^^^^^^^^^^^^^^^^^^^^^
  File "passenger_wsgi.py", line 13, in load_source
    loader.exec_module(module)
  File "<frozen importlib._bootstrap_external>", line 999, in exec_module
  File "<frozen importlib._bootstrap>", line 488, in _call_with_frames_removed
  File "passenger_wsgi.py", line 16, in <module>
    wsgi = load_source('wsgi', 'passenger_wsgi.py')
           ^^^^^^^^^^^^^^^^^^^^^^^^^^^^^^^^^^^^^^^^
  File "passenger_wsgi.py", line 13, in load_source
    loader.exec_module(module)
  File "<frozen importlib._bootstrap_external>", line 999, in exec_module
  File "<frozen importlib._bootstrap>", line 488, in _call_with_frames_removed
  File "passenger_wsgi.py", line 16, in <module>
    wsgi = load_source('wsgi', 'passenger_wsgi.py')
           ^^^^^^^^^^^^^^^^^^^^^^^^^^^^^^^^^^^^^^^^
  File "passenger_wsgi.py", line 13, in load_source
    loader.exec_module(module)
  File "<frozen importlib._bootstrap_external>", line 999, in exec_module
  File "<frozen importlib._bootstrap>", line 488, in _call_with_frames_removed
  File "passenger_wsgi.py", line 16, in <module>
    wsgi = load_source('wsgi', 'passenger_wsgi.py')
           ^^^^^^^^^^^^^^^^^^^^^^^^^^^^^^^^^^^^^^^^
  File "passenger_wsgi.py", line 13, in load_source
    loader.exec_module(module)
  File "<frozen importlib._bootstrap_external>", line 999, in exec_module
  File "<frozen importlib._bootstrap>", line 488, in _call_with_frames_removed
  File "passenger_wsgi.py", line 16, in <module>
    wsgi = load_source('wsgi', 'passenger_wsgi.py')
           ^^^^^^^^^^^^^^^^^^^^^^^^^^^^^^^^^^^^^^^^
  File "passenger_wsgi.py", line 13, in load_source
    loader.exec_module(module)
  File "<frozen importlib._bootstrap_external>", line 999, in exec_module
  File "<frozen importlib._bootstrap>", line 488, in _call_with_frames_removed
  File "passenger_wsgi.py", line 16, in <module>
    wsgi = load_source('wsgi', 'passenger_wsgi.py')
           ^^^^^^^^^^^^^^^^^^^^^^^^^^^^^^^^^^^^^^^^
  File "passenger_wsgi.py", line 13, in load_source
    loader.exec_module(module)
  File "<frozen importlib._bootstrap_external>", line 999, in exec_module
  File "<frozen importlib._bootstrap>", line 488, in _call_with_frames_removed
  File "passenger_wsgi.py", line 16, in <module>
    wsgi = load_source('wsgi', 'passenger_wsgi.py')
           ^^^^^^^^^^^^^^^^^^^^^^^^^^^^^^^^^^^^^^^^
  File "passenger_wsgi.py", line 13, in load_source
    loader.exec_module(module)
  File "<frozen importlib._bootstrap_external>", line 999, in exec_module
  File "<frozen importlib._bootstrap>", line 488, in _call_with_frames_removed
  File "passenger_wsgi.py", line 16, in <module>
    wsgi = load_source('wsgi', 'passenger_wsgi.py')
           ^^^^^^^^^^^^^^^^^^^^^^^^^^^^^^^^^^^^^^^^
  File "passenger_wsgi.py", line 13, in load_source
    loader.exec_module(module)
  File "<frozen importlib._bootstrap_external>", line 999, in exec_module
  File "<frozen importlib._bootstrap>", line 488, in _call_with_frames_removed
  File "passenger_wsgi.py", line 16, in <module>
    wsgi = load_source('wsgi', 'passenger_wsgi.py')
           ^^^^^^^^^^^^^^^^^^^^^^^^^^^^^^^^^^^^^^^^
  File "passenger_wsgi.py", line 13, in load_source
    loader.exec_module(module)
  File "<frozen importlib._bootstrap_external>", line 999, in exec_module
  File "<frozen importlib._bootstrap>", line 488, in _call_with_frames_removed
  File "passenger_wsgi.py", line 16, in <module>
    wsgi = load_source('wsgi', 'passenger_wsgi.py')
           ^^^^^^^^^^^^^^^^^^^^^^^^^^^^^^^^^^^^^^^^
  File "passenger_wsgi.py", line 13, in load_source
    loader.exec_module(module)
  File "<frozen importlib._bootstrap_external>", line 999, in exec_module
  File "<frozen importlib._bootstrap>", line 488, in _call_with_frames_removed
  File "passenger_wsgi.py", line 16, in <module>
    wsgi = load_source('wsgi', 'passenger_wsgi.py')
           ^^^^^^^^^^^^^^^^^^^^^^^^^^^^^^^^^^^^^^^^
  File "passenger_wsgi.py", line 13, in load_source
    loader.exec_module(module)
  File "<frozen importlib._bootstrap_external>", line 999, in exec_module
  File "<frozen importlib._bootstrap>", line 488, in _call_with_frames_removed
  File "passenger_wsgi.py", line 16, in <module>
    wsgi = load_source('wsgi', 'passenger_wsgi.py')
           ^^^^^^^^^^^^^^^^^^^^^^^^^^^^^^^^^^^^^^^^
  File "passenger_wsgi.py", line 13, in load_source
    loader.exec_module(module)
  File "<frozen importlib._bootstrap_external>", line 999, in exec_module
  File "<frozen importlib._bootstrap>", line 488, in _call_with_frames_removed
  File "passenger_wsgi.py", line 16, in <module>
    wsgi = load_source('wsgi', 'passenger_wsgi.py')
           ^^^^^^^^^^^^^^^^^^^^^^^^^^^^^^^^^^^^^^^^
  File "passenger_wsgi.py", line 13, in load_source
    loader.exec_module(module)
  File "<frozen importlib._bootstrap_external>", line 999, in exec_module
  File "<frozen importlib._bootstrap>", line 488, in _call_with_frames_removed
  File "passenger_wsgi.py", line 16, in <module>
    wsgi = load_source('wsgi', 'passenger_wsgi.py')
           ^^^^^^^^^^^^^^^^^^^^^^^^^^^^^^^^^^^^^^^^
  File "passenger_wsgi.py", line 13, in load_source
    loader.exec_module(module)
  File "<frozen importlib._bootstrap_external>", line 999, in exec_module
  File "<frozen importlib._bootstrap>", line 488, in _call_with_frames_removed
  File "passenger_wsgi.py", line 16, in <module>
    wsgi = load_source('wsgi', 'passenger_wsgi.py')
           ^^^^^^^^^^^^^^^^^^^^^^^^^^^^^^^^^^^^^^^^
  File "passenger_wsgi.py", line 12, in load_source
    module = importlib.util.module_from_spec(spec)
             ^^^^^^^^^^^^^^^^^^^^^^^^^^^^^^^^^^^^^
  File "<frozen importlib._bootstrap>", line 819, in module_from_spec
  File "<frozen importlib._bootstrap>", line 798, in _init_module_attrs
  File "<frozen importlib._bootstrap>", line 638, in cached
  File "<frozen importlib._bootstrap_external>", line 618, in _get_cached
  File "<frozen importlib._bootstrap_external>", line 512, in cache_from_source
  File "<frozen importlib._bootstrap_external>", line 134, in _path_split
RecursionError: maximum recursion depth exceeded
Traceback (most recent call last):
  File "/home/axa/public_html/jinja/passenger_wsgi.py", line 16, in <module>
    wsgi = load_source('wsgi', 'passenger_wsgi.py')
           ^^^^^^^^^^^^^^^^^^^^^^^^^^^^^^^^^^^^^^^^
  File "/home/axa/public_html/jinja/passenger_wsgi.py", line 13, in load_source
    loader.exec_module(module)
  File "<frozen importlib._bootstrap_external>", line 999, in exec_module
  File "<frozen importlib._bootstrap>", line 488, in _call_with_frames_removed
  File "passenger_wsgi.py", line 16, in <module>
    wsgi = load_source('wsgi', 'passenger_wsgi.py')
           ^^^^^^^^^^^^^^^^^^^^^^^^^^^^^^^^^^^^^^^^
  File "passenger_wsgi.py", line 13, in load_source
    loader.exec_module(module)
  File "<frozen importlib._bootstrap_external>", line 999, in exec_module
  File "<frozen importlib._bootstrap>", line 488, in _call_with_frames_removed
  File "passenger_wsgi.py", line 16, in <module>
    wsgi = load_source('wsgi', 'passenger_wsgi.py')
           ^^^^^^^^^^^^^^^^^^^^^^^^^^^^^^^^^^^^^^^^
  File "passenger_wsgi.py", line 13, in load_source
    loader.exec_module(module)
  File "<frozen importlib._bootstrap_external>", line 999, in exec_module
  File "<frozen importlib._bootstrap>", line 488, in _call_with_frames_removed
  File "passenger_wsgi.py", line 16, in <module>
    wsgi = load_source('wsgi', 'passenger_wsgi.py')
           ^^^^^^^^^^^^^^^^^^^^^^^^^^^^^^^^^^^^^^^^
  File "passenger_wsgi.py", line 13, in load_source
    loader.exec_module(module)
  File "<frozen importlib._bootstrap_external>", line 999, in exec_module
  File "<frozen importlib._bootstrap>", line 488, in _call_with_frames_removed
  File "passenger_wsgi.py", line 16, in <module>
    wsgi = load_source('wsgi', 'passenger_wsgi.py')
           ^^^^^^^^^^^^^^^^^^^^^^^^^^^^^^^^^^^^^^^^
  File "passenger_wsgi.py", line 13, in load_source
    loader.exec_module(module)
  File "<frozen importlib._bootstrap_external>", line 999, in exec_module
  File "<frozen importlib._bootstrap>", line 488, in _call_with_frames_removed
  File "passenger_wsgi.py", line 16, in <module>
    wsgi = load_source('wsgi', 'passenger_wsgi.py')
           ^^^^^^^^^^^^^^^^^^^^^^^^^^^^^^^^^^^^^^^^
  File "passenger_wsgi.py", line 13, in load_source
    loader.exec_module(module)
  File "<frozen importlib._bootstrap_external>", line 999, in exec_module
  File "<frozen importlib._bootstrap>", line 488, in _call_with_frames_removed
  File "passenger_wsgi.py", line 16, in <module>
    wsgi = load_source('wsgi', 'passenger_wsgi.py')
           ^^^^^^^^^^^^^^^^^^^^^^^^^^^^^^^^^^^^^^^^
  File "passenger_wsgi.py", line 13, in load_source
    loader.exec_module(module)
  File "<frozen importlib._bootstrap_external>", line 999, in exec_module
  File "<frozen importlib._bootstrap>", line 488, in _call_with_frames_removed
  File "passenger_wsgi.py", line 16, in <module>
    wsgi = load_source('wsgi', 'passenger_wsgi.py')
           ^^^^^^^^^^^^^^^^^^^^^^^^^^^^^^^^^^^^^^^^
  File "passenger_wsgi.py", line 13, in load_source
    loader.exec_module(module)
  File "<frozen importlib._bootstrap_external>", line 999, in exec_module
  File "<frozen importlib._bootstrap>", line 488, in _call_with_frames_removed
  File "passenger_wsgi.py", line 16, in <module>
    wsgi = load_source('wsgi', 'passenger_wsgi.py')
           ^^^^^^^^^^^^^^^^^^^^^^^^^^^^^^^^^^^^^^^^
  File "passenger_wsgi.py", line 13, in load_source
    loader.exec_module(module)
  File "<frozen importlib._bootstrap_external>", line 999, in exec_module
  File "<frozen importlib._bootstrap>", line 488, in _call_with_frames_removed
  File "passenger_wsgi.py", line 16, in <module>
    wsgi = load_source('wsgi', 'passenger_wsgi.py')
           ^^^^^^^^^^^^^^^^^^^^^^^^^^^^^^^^^^^^^^^^
  File "passenger_wsgi.py", line 13, in load_source
    loader.exec_module(module)
  File "<frozen importlib._bootstrap_external>", line 999, in exec_module
  File "<frozen importlib._bootstrap>", line 488, in _call_with_frames_removed
  File "passenger_wsgi.py", line 16, in <module>
    wsgi = load_source('wsgi', 'passenger_wsgi.py')
           ^^^^^^^^^^^^^^^^^^^^^^^^^^^^^^^^^^^^^^^^
  File "passenger_wsgi.py", line 13, in load_source
    loader.exec_module(module)
  File "<frozen importlib._bootstrap_external>", line 999, in exec_module
  File "<frozen importlib._bootstrap>", line 488, in _call_with_frames_removed
  File "passenger_wsgi.py", line 16, in <module>
    wsgi = load_source('wsgi', 'passenger_wsgi.py')
           ^^^^^^^^^^^^^^^^^^^^^^^^^^^^^^^^^^^^^^^^
  File "passenger_wsgi.py", line 13, in load_source
    loader.exec_module(module)
  File "<frozen importlib._bootstrap_external>", line 999, in exec_module
  File "<frozen importlib._bootstrap>", line 488, in _call_with_frames_removed
  File "passenger_wsgi.py", line 16, in <module>
    wsgi = load_source('wsgi', 'passenger_wsgi.py')
           ^^^^^^^^^^^^^^^^^^^^^^^^^^^^^^^^^^^^^^^^
  File "passenger_wsgi.py", line 13, in load_source
    loader.exec_module(module)
  File "<frozen importlib._bootstrap_external>", line 999, in exec_module
  File "<frozen importlib._bootstrap>", line 488, in _call_with_frames_removed
  File "passenger_wsgi.py", line 16, in <module>
    wsgi = load_source('wsgi', 'passenger_wsgi.py')
           ^^^^^^^^^^^^^^^^^^^^^^^^^^^^^^^^^^^^^^^^
  File "passenger_wsgi.py", line 13, in load_source
    loader.exec_module(module)
  File "<frozen importlib._bootstrap_external>", line 999, in exec_module
  File "<frozen importlib._bootstrap>", line 488, in _call_with_frames_removed
  File "passenger_wsgi.py", line 16, in <module>
    wsgi = load_source('wsgi', 'passenger_wsgi.py')
           ^^^^^^^^^^^^^^^^^^^^^^^^^^^^^^^^^^^^^^^^
  File "passenger_wsgi.py", line 13, in load_source
    loader.exec_module(module)
  File "<frozen importlib._bootstrap_external>", line 999, in exec_module
  File "<frozen importlib._bootstrap>", line 488, in _call_with_frames_removed
  File "passenger_wsgi.py", line 16, in <module>
    wsgi = load_source('wsgi', 'passenger_wsgi.py')
           ^^^^^^^^^^^^^^^^^^^^^^^^^^^^^^^^^^^^^^^^
  File "passenger_wsgi.py", line 13, in load_source
    loader.exec_module(module)
  File "<frozen importlib._bootstrap_external>", line 999, in exec_module
  File "<frozen importlib._bootstrap>", line 488, in _call_with_frames_removed
  File "passenger_wsgi.py", line 16, in <module>
    wsgi = load_source('wsgi', 'passenger_wsgi.py')
           ^^^^^^^^^^^^^^^^^^^^^^^^^^^^^^^^^^^^^^^^
  File "passenger_wsgi.py", line 13, in load_source
    loader.exec_module(module)
  File "<frozen importlib._bootstrap_external>", line 999, in exec_module
  File "<frozen importlib._bootstrap>", line 488, in _call_with_frames_removed
  File "passenger_wsgi.py", line 16, in <module>
    wsgi = load_source('wsgi', 'passenger_wsgi.py')
           ^^^^^^^^^^^^^^^^^^^^^^^^^^^^^^^^^^^^^^^^
  File "passenger_wsgi.py", line 13, in load_source
    loader.exec_module(module)
  File "<frozen importlib._bootstrap_external>", line 999, in exec_module
  File "<frozen importlib._bootstrap>", line 488, in _call_with_frames_removed
  File "passenger_wsgi.py", line 16, in <module>
    wsgi = load_source('wsgi', 'passenger_wsgi.py')
           ^^^^^^^^^^^^^^^^^^^^^^^^^^^^^^^^^^^^^^^^
  File "passenger_wsgi.py", line 13, in load_source
    loader.exec_module(module)
  File "<frozen importlib._bootstrap_external>", line 999, in exec_module
  File "<frozen importlib._bootstrap>", line 488, in _call_with_frames_removed
  File "passenger_wsgi.py", line 16, in <module>
    wsgi = load_source('wsgi', 'passenger_wsgi.py')
           ^^^^^^^^^^^^^^^^^^^^^^^^^^^^^^^^^^^^^^^^
  File "passenger_wsgi.py", line 13, in load_source
    loader.exec_module(module)
  File "<frozen importlib._bootstrap_external>", line 999, in exec_module
  File "<frozen importlib._bootstrap>", line 488, in _call_with_frames_removed
  File "passenger_wsgi.py", line 16, in <module>
    wsgi = load_source('wsgi', 'passenger_wsgi.py')
           ^^^^^^^^^^^^^^^^^^^^^^^^^^^^^^^^^^^^^^^^
  File "passenger_wsgi.py", line 13, in load_source
    loader.exec_module(module)
  File "<frozen importlib._bootstrap_external>", line 999, in exec_module
  File "<frozen importlib._bootstrap>", line 488, in _call_with_frames_removed
  File "passenger_wsgi.py", line 16, in <module>
    wsgi = load_source('wsgi', 'passenger_wsgi.py')
           ^^^^^^^^^^^^^^^^^^^^^^^^^^^^^^^^^^^^^^^^
  File "passenger_wsgi.py", line 13, in load_source
    loader.exec_module(module)
  File "<frozen importlib._bootstrap_external>", line 999, in exec_module
  File "<frozen importlib._bootstrap>", line 488, in _call_with_frames_removed
  File "passenger_wsgi.py", line 16, in <module>
    wsgi = load_source('wsgi', 'passenger_wsgi.py')
           ^^^^^^^^^^^^^^^^^^^^^^^^^^^^^^^^^^^^^^^^
  File "passenger_wsgi.py", line 13, in load_source
    loader.exec_module(module)
  File "<frozen importlib._bootstrap_external>", line 999, in exec_module
  File "<frozen importlib._bootstrap>", line 488, in _call_with_frames_removed
  File "passenger_wsgi.py", line 16, in <module>
    wsgi = load_source('wsgi', 'passenger_wsgi.py')
           ^^^^^^^^^^^^^^^^^^^^^^^^^^^^^^^^^^^^^^^^
  File "passenger_wsgi.py", line 13, in load_source
    loader.exec_module(module)
  File "<frozen importlib._bootstrap_external>", line 999, in exec_module
  File "<frozen importlib._bootstrap>", line 488, in _call_with_frames_removed
  File "passenger_wsgi.py", line 16, in <module>
    wsgi = load_source('wsgi', 'passenger_wsgi.py')
           ^^^^^^^^^^^^^^^^^^^^^^^^^^^^^^^^^^^^^^^^
  File "passenger_wsgi.py", line 13, in load_source
    loader.exec_module(module)
  File "<frozen importlib._bootstrap_external>", line 999, in exec_module
  File "<frozen importlib._bootstrap>", line 488, in _call_with_frames_removed
  File "passenger_wsgi.py", line 16, in <module>
    wsgi = load_source('wsgi', 'passenger_wsgi.py')
           ^^^^^^^^^^^^^^^^^^^^^^^^^^^^^^^^^^^^^^^^
  File "passenger_wsgi.py", line 13, in load_source
    loader.exec_module(module)
  File "<frozen importlib._bootstrap_external>", line 999, in exec_module
  File "<frozen importlib._bootstrap>", line 488, in _call_with_frames_removed
  File "passenger_wsgi.py", line 16, in <module>
    wsgi = load_source('wsgi', 'passenger_wsgi.py')
           ^^^^^^^^^^^^^^^^^^^^^^^^^^^^^^^^^^^^^^^^
  File "passenger_wsgi.py", line 13, in load_source
    loader.exec_module(module)
  File "<frozen importlib._bootstrap_external>", line 999, in exec_module
  File "<frozen importlib._bootstrap>", line 488, in _call_with_frames_removed
  File "passenger_wsgi.py", line 16, in <module>
    wsgi = load_source('wsgi', 'passenger_wsgi.py')
           ^^^^^^^^^^^^^^^^^^^^^^^^^^^^^^^^^^^^^^^^
  File "passenger_wsgi.py", line 13, in load_source
    loader.exec_module(module)
  File "<frozen importlib._bootstrap_external>", line 999, in exec_module
  File "<frozen importlib._bootstrap>", line 488, in _call_with_frames_removed
  File "passenger_wsgi.py", line 16, in <module>
    wsgi = load_source('wsgi', 'passenger_wsgi.py')
           ^^^^^^^^^^^^^^^^^^^^^^^^^^^^^^^^^^^^^^^^
  File "passenger_wsgi.py", line 13, in load_source
    loader.exec_module(module)
  File "<frozen importlib._bootstrap_external>", line 999, in exec_module
  File "<frozen importlib._bootstrap>", line 488, in _call_with_frames_removed
  File "passenger_wsgi.py", line 16, in <module>
    wsgi = load_source('wsgi', 'passenger_wsgi.py')
           ^^^^^^^^^^^^^^^^^^^^^^^^^^^^^^^^^^^^^^^^
  File "passenger_wsgi.py", line 13, in load_source
    loader.exec_module(module)
  File "<frozen importlib._bootstrap_external>", line 999, in exec_module
  File "<frozen importlib._bootstrap>", line 488, in _call_with_frames_removed
  File "passenger_wsgi.py", line 16, in <module>
    wsgi = load_source('wsgi', 'passenger_wsgi.py')
           ^^^^^^^^^^^^^^^^^^^^^^^^^^^^^^^^^^^^^^^^
  File "passenger_wsgi.py", line 13, in load_source
    loader.exec_module(module)
  File "<frozen importlib._bootstrap_external>", line 999, in exec_module
  File "<frozen importlib._bootstrap>", line 488, in _call_with_frames_removed
  File "passenger_wsgi.py", line 16, in <module>
    wsgi = load_source('wsgi', 'passenger_wsgi.py')
           ^^^^^^^^^^^^^^^^^^^^^^^^^^^^^^^^^^^^^^^^
  File "passenger_wsgi.py", line 13, in load_source
    loader.exec_module(module)
  File "<frozen importlib._bootstrap_external>", line 999, in exec_module
  File "<frozen importlib._bootstrap>", line 488, in _call_with_frames_removed
  File "passenger_wsgi.py", line 16, in <module>
    wsgi = load_source('wsgi', 'passenger_wsgi.py')
           ^^^^^^^^^^^^^^^^^^^^^^^^^^^^^^^^^^^^^^^^
  File "passenger_wsgi.py", line 13, in load_source
    loader.exec_module(module)
  File "<frozen importlib._bootstrap_external>", line 999, in exec_module
  File "<frozen importlib._bootstrap>", line 488, in _call_with_frames_removed
  File "passenger_wsgi.py", line 16, in <module>
    wsgi = load_source('wsgi', 'passenger_wsgi.py')
           ^^^^^^^^^^^^^^^^^^^^^^^^^^^^^^^^^^^^^^^^
  File "passenger_wsgi.py", line 13, in load_source
    loader.exec_module(module)
  File "<frozen importlib._bootstrap_external>", line 999, in exec_module
  File "<frozen importlib._bootstrap>", line 488, in _call_with_frames_removed
  File "passenger_wsgi.py", line 16, in <module>
    wsgi = load_source('wsgi', 'passenger_wsgi.py')
           ^^^^^^^^^^^^^^^^^^^^^^^^^^^^^^^^^^^^^^^^
  File "passenger_wsgi.py", line 13, in load_source
    loader.exec_module(module)
  File "<frozen importlib._bootstrap_external>", line 999, in exec_module
  File "<frozen importlib._bootstrap>", line 488, in _call_with_frames_removed
  File "passenger_wsgi.py", line 16, in <module>
    wsgi = load_source('wsgi', 'passenger_wsgi.py')
           ^^^^^^^^^^^^^^^^^^^^^^^^^^^^^^^^^^^^^^^^
  File "passenger_wsgi.py", line 13, in load_source
    loader.exec_module(module)
  File "<frozen importlib._bootstrap_external>", line 999, in exec_module
  File "<frozen importlib._bootstrap>", line 488, in _call_with_frames_removed
  File "passenger_wsgi.py", line 16, in <module>
    wsgi = load_source('wsgi', 'passenger_wsgi.py')
           ^^^^^^^^^^^^^^^^^^^^^^^^^^^^^^^^^^^^^^^^
  File "passenger_wsgi.py", line 13, in load_source
    loader.exec_module(module)
  File "<frozen importlib._bootstrap_external>", line 999, in exec_module
  File "<frozen importlib._bootstrap>", line 488, in _call_with_frames_removed
  File "passenger_wsgi.py", line 16, in <module>
    wsgi = load_source('wsgi', 'passenger_wsgi.py')
           ^^^^^^^^^^^^^^^^^^^^^^^^^^^^^^^^^^^^^^^^
  File "passenger_wsgi.py", line 13, in load_source
    loader.exec_module(module)
  File "<frozen importlib._bootstrap_external>", line 999, in exec_module
  File "<frozen importlib._bootstrap>", line 488, in _call_with_frames_removed
  File "passenger_wsgi.py", line 16, in <module>
    wsgi = load_source('wsgi', 'passenger_wsgi.py')
           ^^^^^^^^^^^^^^^^^^^^^^^^^^^^^^^^^^^^^^^^
  File "passenger_wsgi.py", line 13, in load_source
    loader.exec_module(module)
  File "<frozen importlib._bootstrap_external>", line 999, in exec_module
  File "<frozen importlib._bootstrap>", line 488, in _call_with_frames_removed
  File "passenger_wsgi.py", line 16, in <module>
    wsgi = load_source('wsgi', 'passenger_wsgi.py')
           ^^^^^^^^^^^^^^^^^^^^^^^^^^^^^^^^^^^^^^^^
  File "passenger_wsgi.py", line 13, in load_source
    loader.exec_module(module)
  File "<frozen importlib._bootstrap_external>", line 999, in exec_module
  File "<frozen importlib._bootstrap>", line 488, in _call_with_frames_removed
  File "passenger_wsgi.py", line 16, in <module>
    wsgi = load_source('wsgi', 'passenger_wsgi.py')
           ^^^^^^^^^^^^^^^^^^^^^^^^^^^^^^^^^^^^^^^^
  File "passenger_wsgi.py", line 13, in load_source
    loader.exec_module(module)
  File "<frozen importlib._bootstrap_external>", line 999, in exec_module
  File "<frozen importlib._bootstrap>", line 488, in _call_with_frames_removed
  File "passenger_wsgi.py", line 16, in <module>
    wsgi = load_source('wsgi', 'passenger_wsgi.py')
           ^^^^^^^^^^^^^^^^^^^^^^^^^^^^^^^^^^^^^^^^
  File "passenger_wsgi.py", line 13, in load_source
    loader.exec_module(module)
  File "<frozen importlib._bootstrap_external>", line 999, in exec_module
  File "<frozen importlib._bootstrap>", line 488, in _call_with_frames_removed
  File "passenger_wsgi.py", line 16, in <module>
    wsgi = load_source('wsgi', 'passenger_wsgi.py')
           ^^^^^^^^^^^^^^^^^^^^^^^^^^^^^^^^^^^^^^^^
  File "passenger_wsgi.py", line 13, in load_source
    loader.exec_module(module)
  File "<frozen importlib._bootstrap_external>", line 999, in exec_module
  File "<frozen importlib._bootstrap>", line 488, in _call_with_frames_removed
  File "passenger_wsgi.py", line 16, in <module>
    wsgi = load_source('wsgi', 'passenger_wsgi.py')
           ^^^^^^^^^^^^^^^^^^^^^^^^^^^^^^^^^^^^^^^^
  File "passenger_wsgi.py", line 13, in load_source
    loader.exec_module(module)
  File "<frozen importlib._bootstrap_external>", line 999, in exec_module
  File "<frozen importlib._bootstrap>", line 488, in _call_with_frames_removed
  File "passenger_wsgi.py", line 16, in <module>
    wsgi = load_source('wsgi', 'passenger_wsgi.py')
           ^^^^^^^^^^^^^^^^^^^^^^^^^^^^^^^^^^^^^^^^
  File "passenger_wsgi.py", line 13, in load_source
    loader.exec_module(module)
  File "<frozen importlib._bootstrap_external>", line 999, in exec_module
  File "<frozen importlib._bootstrap>", line 488, in _call_with_frames_removed
  File "passenger_wsgi.py", line 16, in <module>
    wsgi = load_source('wsgi', 'passenger_wsgi.py')
           ^^^^^^^^^^^^^^^^^^^^^^^^^^^^^^^^^^^^^^^^
  File "passenger_wsgi.py", line 13, in load_source
    loader.exec_module(module)
  File "<frozen importlib._bootstrap_external>", line 999, in exec_module
  File "<frozen importlib._bootstrap>", line 488, in _call_with_frames_removed
  File "passenger_wsgi.py", line 16, in <module>
    wsgi = load_source('wsgi', 'passenger_wsgi.py')
           ^^^^^^^^^^^^^^^^^^^^^^^^^^^^^^^^^^^^^^^^
  File "passenger_wsgi.py", line 13, in load_source
    loader.exec_module(module)
  File "<frozen importlib._bootstrap_external>", line 999, in exec_module
  File "<frozen importlib._bootstrap>", line 488, in _call_with_frames_removed
  File "passenger_wsgi.py", line 16, in <module>
    wsgi = load_source('wsgi', 'passenger_wsgi.py')
           ^^^^^^^^^^^^^^^^^^^^^^^^^^^^^^^^^^^^^^^^
  File "passenger_wsgi.py", line 13, in load_source
    loader.exec_module(module)
  File "<frozen importlib._bootstrap_external>", line 999, in exec_module
  File "<frozen importlib._bootstrap>", line 488, in _call_with_frames_removed
  File "passenger_wsgi.py", line 16, in <module>
    wsgi = load_source('wsgi', 'passenger_wsgi.py')
           ^^^^^^^^^^^^^^^^^^^^^^^^^^^^^^^^^^^^^^^^
  File "passenger_wsgi.py", line 13, in load_source
    loader.exec_module(module)
  File "<frozen importlib._bootstrap_external>", line 999, in exec_module
  File "<frozen importlib._bootstrap>", line 488, in _call_with_frames_removed
  File "passenger_wsgi.py", line 16, in <module>
    wsgi = load_source('wsgi', 'passenger_wsgi.py')
           ^^^^^^^^^^^^^^^^^^^^^^^^^^^^^^^^^^^^^^^^
  File "passenger_wsgi.py", line 13, in load_source
    loader.exec_module(module)
  File "<frozen importlib._bootstrap_external>", line 999, in exec_module
  File "<frozen importlib._bootstrap>", line 488, in _call_with_frames_removed
  File "passenger_wsgi.py", line 16, in <module>
    wsgi = load_source('wsgi', 'passenger_wsgi.py')
           ^^^^^^^^^^^^^^^^^^^^^^^^^^^^^^^^^^^^^^^^
  File "passenger_wsgi.py", line 13, in load_source
    loader.exec_module(module)
  File "<frozen importlib._bootstrap_external>", line 999, in exec_module
  File "<frozen importlib._bootstrap>", line 488, in _call_with_frames_removed
  File "passenger_wsgi.py", line 16, in <module>
    wsgi = load_source('wsgi', 'passenger_wsgi.py')
           ^^^^^^^^^^^^^^^^^^^^^^^^^^^^^^^^^^^^^^^^
  File "passenger_wsgi.py", line 13, in load_source
    loader.exec_module(module)
  File "<frozen importlib._bootstrap_external>", line 999, in exec_module
  File "<frozen importlib._bootstrap>", line 488, in _call_with_frames_removed
  File "passenger_wsgi.py", line 16, in <module>
    wsgi = load_source('wsgi', 'passenger_wsgi.py')
           ^^^^^^^^^^^^^^^^^^^^^^^^^^^^^^^^^^^^^^^^
  File "passenger_wsgi.py", line 13, in load_source
    loader.exec_module(module)
  File "<frozen importlib._bootstrap_external>", line 999, in exec_module
  File "<frozen importlib._bootstrap>", line 488, in _call_with_frames_removed
  File "passenger_wsgi.py", line 16, in <module>
    wsgi = load_source('wsgi', 'passenger_wsgi.py')
           ^^^^^^^^^^^^^^^^^^^^^^^^^^^^^^^^^^^^^^^^
  File "passenger_wsgi.py", line 13, in load_source
    loader.exec_module(module)
  File "<frozen importlib._bootstrap_external>", line 999, in exec_module
  File "<frozen importlib._bootstrap>", line 488, in _call_with_frames_removed
  File "passenger_wsgi.py", line 16, in <module>
    wsgi = load_source('wsgi', 'passenger_wsgi.py')
           ^^^^^^^^^^^^^^^^^^^^^^^^^^^^^^^^^^^^^^^^
  File "passenger_wsgi.py", line 13, in load_source
    loader.exec_module(module)
  File "<frozen importlib._bootstrap_external>", line 999, in exec_module
  File "<frozen importlib._bootstrap>", line 488, in _call_with_frames_removed
  File "passenger_wsgi.py", line 16, in <module>
    wsgi = load_source('wsgi', 'passenger_wsgi.py')
           ^^^^^^^^^^^^^^^^^^^^^^^^^^^^^^^^^^^^^^^^
  File "passenger_wsgi.py", line 13, in load_source
    loader.exec_module(module)
  File "<frozen importlib._bootstrap_external>", line 999, in exec_module
  File "<frozen importlib._bootstrap>", line 488, in _call_with_frames_removed
  File "passenger_wsgi.py", line 16, in <module>
    wsgi = load_source('wsgi', 'passenger_wsgi.py')
           ^^^^^^^^^^^^^^^^^^^^^^^^^^^^^^^^^^^^^^^^
  File "passenger_wsgi.py", line 13, in load_source
    loader.exec_module(module)
  File "<frozen importlib._bootstrap_external>", line 999, in exec_module
  File "<frozen importlib._bootstrap>", line 488, in _call_with_frames_removed
  File "passenger_wsgi.py", line 16, in <module>
    wsgi = load_source('wsgi', 'passenger_wsgi.py')
           ^^^^^^^^^^^^^^^^^^^^^^^^^^^^^^^^^^^^^^^^
  File "passenger_wsgi.py", line 13, in load_source
    loader.exec_module(module)
  File "<frozen importlib._bootstrap_external>", line 999, in exec_module
  File "<frozen importlib._bootstrap>", line 488, in _call_with_frames_removed
  File "passenger_wsgi.py", line 16, in <module>
    wsgi = load_source('wsgi', 'passenger_wsgi.py')
           ^^^^^^^^^^^^^^^^^^^^^^^^^^^^^^^^^^^^^^^^
  File "passenger_wsgi.py", line 13, in load_source
    loader.exec_module(module)
  File "<frozen importlib._bootstrap_external>", line 999, in exec_module
  File "<frozen importlib._bootstrap>", line 488, in _call_with_frames_removed
  File "passenger_wsgi.py", line 16, in <module>
    wsgi = load_source('wsgi', 'passenger_wsgi.py')
           ^^^^^^^^^^^^^^^^^^^^^^^^^^^^^^^^^^^^^^^^
  File "passenger_wsgi.py", line 13, in load_source
    loader.exec_module(module)
  File "<frozen importlib._bootstrap_external>", line 999, in exec_module
  File "<frozen importlib._bootstrap>", line 488, in _call_with_frames_removed
  File "passenger_wsgi.py", line 16, in <module>
    wsgi = load_source('wsgi', 'passenger_wsgi.py')
           ^^^^^^^^^^^^^^^^^^^^^^^^^^^^^^^^^^^^^^^^
  File "passenger_wsgi.py", line 13, in load_source
    loader.exec_module(module)
  File "<frozen importlib._bootstrap_external>", line 999, in exec_module
  File "<frozen importlib._bootstrap>", line 488, in _call_with_frames_removed
  File "passenger_wsgi.py", line 16, in <module>
    wsgi = load_source('wsgi', 'passenger_wsgi.py')
           ^^^^^^^^^^^^^^^^^^^^^^^^^^^^^^^^^^^^^^^^
  File "passenger_wsgi.py", line 13, in load_source
    loader.exec_module(module)
  File "<frozen importlib._bootstrap_external>", line 999, in exec_module
  File "<frozen importlib._bootstrap>", line 488, in _call_with_frames_removed
  File "passenger_wsgi.py", line 16, in <module>
    wsgi = load_source('wsgi', 'passenger_wsgi.py')
           ^^^^^^^^^^^^^^^^^^^^^^^^^^^^^^^^^^^^^^^^
  File "passenger_wsgi.py", line 13, in load_source
    loader.exec_module(module)
  File "<frozen importlib._bootstrap_external>", line 999, in exec_module
  File "<frozen importlib._bootstrap>", line 488, in _call_with_frames_removed
  File "passenger_wsgi.py", line 16, in <module>
    wsgi = load_source('wsgi', 'passenger_wsgi.py')
           ^^^^^^^^^^^^^^^^^^^^^^^^^^^^^^^^^^^^^^^^
  File "passenger_wsgi.py", line 13, in load_source
    loader.exec_module(module)
  File "<frozen importlib._bootstrap_external>", line 999, in exec_module
  File "<frozen importlib._bootstrap>", line 488, in _call_with_frames_removed
  File "passenger_wsgi.py", line 16, in <module>
    wsgi = load_source('wsgi', 'passenger_wsgi.py')
           ^^^^^^^^^^^^^^^^^^^^^^^^^^^^^^^^^^^^^^^^
  File "passenger_wsgi.py", line 13, in load_source
    loader.exec_module(module)
  File "<frozen importlib._bootstrap_external>", line 999, in exec_module
  File "<frozen importlib._bootstrap>", line 488, in _call_with_frames_removed
  File "passenger_wsgi.py", line 16, in <module>
    wsgi = load_source('wsgi', 'passenger_wsgi.py')
           ^^^^^^^^^^^^^^^^^^^^^^^^^^^^^^^^^^^^^^^^
  File "passenger_wsgi.py", line 13, in load_source
    loader.exec_module(module)
  File "<frozen importlib._bootstrap_external>", line 999, in exec_module
  File "<frozen importlib._bootstrap>", line 488, in _call_with_frames_removed
  File "passenger_wsgi.py", line 16, in <module>
    wsgi = load_source('wsgi', 'passenger_wsgi.py')
           ^^^^^^^^^^^^^^^^^^^^^^^^^^^^^^^^^^^^^^^^
  File "passenger_wsgi.py", line 13, in load_source
    loader.exec_module(module)
  File "<frozen importlib._bootstrap_external>", line 999, in exec_module
  File "<frozen importlib._bootstrap>", line 488, in _call_with_frames_removed
  File "passenger_wsgi.py", line 16, in <module>
    wsgi = load_source('wsgi', 'passenger_wsgi.py')
           ^^^^^^^^^^^^^^^^^^^^^^^^^^^^^^^^^^^^^^^^
  File "passenger_wsgi.py", line 13, in load_source
    loader.exec_module(module)
  File "<frozen importlib._bootstrap_external>", line 999, in exec_module
  File "<frozen importlib._bootstrap>", line 488, in _call_with_frames_removed
  File "passenger_wsgi.py", line 16, in <module>
    wsgi = load_source('wsgi', 'passenger_wsgi.py')
           ^^^^^^^^^^^^^^^^^^^^^^^^^^^^^^^^^^^^^^^^
  File "passenger_wsgi.py", line 13, in load_source
    loader.exec_module(module)
  File "<frozen importlib._bootstrap_external>", line 999, in exec_module
  File "<frozen importlib._bootstrap>", line 488, in _call_with_frames_removed
  File "passenger_wsgi.py", line 16, in <module>
    wsgi = load_source('wsgi', 'passenger_wsgi.py')
           ^^^^^^^^^^^^^^^^^^^^^^^^^^^^^^^^^^^^^^^^
  File "passenger_wsgi.py", line 13, in load_source
    loader.exec_module(module)
  File "<frozen importlib._bootstrap_external>", line 999, in exec_module
  File "<frozen importlib._bootstrap>", line 488, in _call_with_frames_removed
  File "passenger_wsgi.py", line 16, in <module>
    wsgi = load_source('wsgi', 'passenger_wsgi.py')
           ^^^^^^^^^^^^^^^^^^^^^^^^^^^^^^^^^^^^^^^^
  File "passenger_wsgi.py", line 13, in load_source
    loader.exec_module(module)
  File "<frozen importlib._bootstrap_external>", line 999, in exec_module
  File "<frozen importlib._bootstrap>", line 488, in _call_with_frames_removed
  File "passenger_wsgi.py", line 16, in <module>
    wsgi = load_source('wsgi', 'passenger_wsgi.py')
           ^^^^^^^^^^^^^^^^^^^^^^^^^^^^^^^^^^^^^^^^
  File "passenger_wsgi.py", line 13, in load_source
    loader.exec_module(module)
  File "<frozen importlib._bootstrap_external>", line 999, in exec_module
  File "<frozen importlib._bootstrap>", line 488, in _call_with_frames_removed
  File "passenger_wsgi.py", line 16, in <module>
    wsgi = load_source('wsgi', 'passenger_wsgi.py')
           ^^^^^^^^^^^^^^^^^^^^^^^^^^^^^^^^^^^^^^^^
  File "passenger_wsgi.py", line 13, in load_source
    loader.exec_module(module)
  File "<frozen importlib._bootstrap_external>", line 999, in exec_module
  File "<frozen importlib._bootstrap>", line 488, in _call_with_frames_removed
  File "passenger_wsgi.py", line 16, in <module>
    wsgi = load_source('wsgi', 'passenger_wsgi.py')
           ^^^^^^^^^^^^^^^^^^^^^^^^^^^^^^^^^^^^^^^^
  File "passenger_wsgi.py", line 13, in load_source
    loader.exec_module(module)
  File "<frozen importlib._bootstrap_external>", line 999, in exec_module
  File "<frozen importlib._bootstrap>", line 488, in _call_with_frames_removed
  File "passenger_wsgi.py", line 16, in <module>
    wsgi = load_source('wsgi', 'passenger_wsgi.py')
           ^^^^^^^^^^^^^^^^^^^^^^^^^^^^^^^^^^^^^^^^
  File "passenger_wsgi.py", line 13, in load_source
    loader.exec_module(module)
  File "<frozen importlib._bootstrap_external>", line 999, in exec_module
  File "<frozen importlib._bootstrap>", line 488, in _call_with_frames_removed
  File "passenger_wsgi.py", line 16, in <module>
    wsgi = load_source('wsgi', 'passenger_wsgi.py')
           ^^^^^^^^^^^^^^^^^^^^^^^^^^^^^^^^^^^^^^^^
  File "passenger_wsgi.py", line 13, in load_source
    loader.exec_module(module)
  File "<frozen importlib._bootstrap_external>", line 999, in exec_module
  File "<frozen importlib._bootstrap>", line 488, in _call_with_frames_removed
  File "passenger_wsgi.py", line 16, in <module>
    wsgi = load_source('wsgi', 'passenger_wsgi.py')
           ^^^^^^^^^^^^^^^^^^^^^^^^^^^^^^^^^^^^^^^^
  File "passenger_wsgi.py", line 13, in load_source
    loader.exec_module(module)
  File "<frozen importlib._bootstrap_external>", line 999, in exec_module
  File "<frozen importlib._bootstrap>", line 488, in _call_with_frames_removed
  File "passenger_wsgi.py", line 16, in <module>
    wsgi = load_source('wsgi', 'passenger_wsgi.py')
           ^^^^^^^^^^^^^^^^^^^^^^^^^^^^^^^^^^^^^^^^
  File "passenger_wsgi.py", line 13, in load_source
    loader.exec_module(module)
  File "<frozen importlib._bootstrap_external>", line 999, in exec_module
  File "<frozen importlib._bootstrap>", line 488, in _call_with_frames_removed
  File "passenger_wsgi.py", line 16, in <module>
    wsgi = load_source('wsgi', 'passenger_wsgi.py')
           ^^^^^^^^^^^^^^^^^^^^^^^^^^^^^^^^^^^^^^^^
  File "passenger_wsgi.py", line 13, in load_source
    loader.exec_module(module)
  File "<frozen importlib._bootstrap_external>", line 999, in exec_module
  File "<frozen importlib._bootstrap>", line 488, in _call_with_frames_removed
  File "passenger_wsgi.py", line 16, in <module>
    wsgi = load_source('wsgi', 'passenger_wsgi.py')
           ^^^^^^^^^^^^^^^^^^^^^^^^^^^^^^^^^^^^^^^^
  File "passenger_wsgi.py", line 13, in load_source
    loader.exec_module(module)
  File "<frozen importlib._bootstrap_external>", line 999, in exec_module
  File "<frozen importlib._bootstrap>", line 488, in _call_with_frames_removed
  File "passenger_wsgi.py", line 16, in <module>
    wsgi = load_source('wsgi', 'passenger_wsgi.py')
           ^^^^^^^^^^^^^^^^^^^^^^^^^^^^^^^^^^^^^^^^
  File "passenger_wsgi.py", line 13, in load_source
    loader.exec_module(module)
  File "<frozen importlib._bootstrap_external>", line 999, in exec_module
  File "<frozen importlib._bootstrap>", line 488, in _call_with_frames_removed
  File "passenger_wsgi.py", line 16, in <module>
    wsgi = load_source('wsgi', 'passenger_wsgi.py')
           ^^^^^^^^^^^^^^^^^^^^^^^^^^^^^^^^^^^^^^^^
  File "passenger_wsgi.py", line 13, in load_source
    loader.exec_module(module)
  File "<frozen importlib._bootstrap_external>", line 999, in exec_module
  File "<frozen importlib._bootstrap>", line 488, in _call_with_frames_removed
  File "passenger_wsgi.py", line 16, in <module>
    wsgi = load_source('wsgi', 'passenger_wsgi.py')
           ^^^^^^^^^^^^^^^^^^^^^^^^^^^^^^^^^^^^^^^^
  File "passenger_wsgi.py", line 13, in load_source
    loader.exec_module(module)
  File "<frozen importlib._bootstrap_external>", line 999, in exec_module
  File "<frozen importlib._bootstrap>", line 488, in _call_with_frames_removed
  File "passenger_wsgi.py", line 16, in <module>
    wsgi = load_source('wsgi', 'passenger_wsgi.py')
           ^^^^^^^^^^^^^^^^^^^^^^^^^^^^^^^^^^^^^^^^
  File "passenger_wsgi.py", line 13, in load_source
    loader.exec_module(module)
  File "<frozen importlib._bootstrap_external>", line 999, in exec_module
  File "<frozen importlib._bootstrap>", line 488, in _call_with_frames_removed
  File "passenger_wsgi.py", line 16, in <module>
    wsgi = load_source('wsgi', 'passenger_wsgi.py')
           ^^^^^^^^^^^^^^^^^^^^^^^^^^^^^^^^^^^^^^^^
  File "passenger_wsgi.py", line 13, in load_source
    loader.exec_module(module)
  File "<frozen importlib._bootstrap_external>", line 999, in exec_module
  File "<frozen importlib._bootstrap>", line 488, in _call_with_frames_removed
  File "passenger_wsgi.py", line 16, in <module>
    wsgi = load_source('wsgi', 'passenger_wsgi.py')
           ^^^^^^^^^^^^^^^^^^^^^^^^^^^^^^^^^^^^^^^^
  File "passenger_wsgi.py", line 13, in load_source
    loader.exec_module(module)
  File "<frozen importlib._bootstrap_external>", line 999, in exec_module
  File "<frozen importlib._bootstrap>", line 488, in _call_with_frames_removed
  File "passenger_wsgi.py", line 16, in <module>
    wsgi = load_source('wsgi', 'passenger_wsgi.py')
           ^^^^^^^^^^^^^^^^^^^^^^^^^^^^^^^^^^^^^^^^
  File "passenger_wsgi.py", line 13, in load_source
    loader.exec_module(module)
  File "<frozen importlib._bootstrap_external>", line 999, in exec_module
  File "<frozen importlib._bootstrap>", line 488, in _call_with_frames_removed
  File "passenger_wsgi.py", line 16, in <module>
    wsgi = load_source('wsgi', 'passenger_wsgi.py')
           ^^^^^^^^^^^^^^^^^^^^^^^^^^^^^^^^^^^^^^^^
  File "passenger_wsgi.py", line 13, in load_source
    loader.exec_module(module)
  File "<frozen importlib._bootstrap_external>", line 999, in exec_module
  File "<frozen importlib._bootstrap>", line 488, in _call_with_frames_removed
  File "passenger_wsgi.py", line 16, in <module>
    wsgi = load_source('wsgi', 'passenger_wsgi.py')
           ^^^^^^^^^^^^^^^^^^^^^^^^^^^^^^^^^^^^^^^^
  File "passenger_wsgi.py", line 13, in load_source
    loader.exec_module(module)
  File "<frozen importlib._bootstrap_external>", line 999, in exec_module
  File "<frozen importlib._bootstrap>", line 488, in _call_with_frames_removed
  File "passenger_wsgi.py", line 16, in <module>
    wsgi = load_source('wsgi', 'passenger_wsgi.py')
           ^^^^^^^^^^^^^^^^^^^^^^^^^^^^^^^^^^^^^^^^
  File "passenger_wsgi.py", line 13, in load_source
    loader.exec_module(module)
  File "<frozen importlib._bootstrap_external>", line 999, in exec_module
  File "<frozen importlib._bootstrap>", line 488, in _call_with_frames_removed
  File "passenger_wsgi.py", line 16, in <module>
    wsgi = load_source('wsgi', 'passenger_wsgi.py')
           ^^^^^^^^^^^^^^^^^^^^^^^^^^^^^^^^^^^^^^^^
  File "passenger_wsgi.py", line 13, in load_source
    loader.exec_module(module)
  File "<frozen importlib._bootstrap_external>", line 999, in exec_module
  File "<frozen importlib._bootstrap>", line 488, in _call_with_frames_removed
  File "passenger_wsgi.py", line 16, in <module>
    wsgi = load_source('wsgi', 'passenger_wsgi.py')
           ^^^^^^^^^^^^^^^^^^^^^^^^^^^^^^^^^^^^^^^^
  File "passenger_wsgi.py", line 13, in load_source
    loader.exec_module(module)
  File "<frozen importlib._bootstrap_external>", line 999, in exec_module
  File "<frozen importlib._bootstrap>", line 488, in _call_with_frames_removed
  File "passenger_wsgi.py", line 16, in <module>
    wsgi = load_source('wsgi', 'passenger_wsgi.py')
           ^^^^^^^^^^^^^^^^^^^^^^^^^^^^^^^^^^^^^^^^
  File "passenger_wsgi.py", line 13, in load_source
    loader.exec_module(module)
  File "<frozen importlib._bootstrap_external>", line 999, in exec_module
  File "<frozen importlib._bootstrap>", line 488, in _call_with_frames_removed
  File "passenger_wsgi.py", line 16, in <module>
    wsgi = load_source('wsgi', 'passenger_wsgi.py')
           ^^^^^^^^^^^^^^^^^^^^^^^^^^^^^^^^^^^^^^^^
  File "passenger_wsgi.py", line 13, in load_source
    loader.exec_module(module)
  File "<frozen importlib._bootstrap_external>", line 999, in exec_module
  File "<frozen importlib._bootstrap>", line 488, in _call_with_frames_removed
  File "passenger_wsgi.py", line 16, in <module>
    wsgi = load_source('wsgi', 'passenger_wsgi.py')
           ^^^^^^^^^^^^^^^^^^^^^^^^^^^^^^^^^^^^^^^^
  File "passenger_wsgi.py", line 13, in load_source
    loader.exec_module(module)
  File "<frozen importlib._bootstrap_external>", line 999, in exec_module
  File "<frozen importlib._bootstrap>", line 488, in _call_with_frames_removed
  File "passenger_wsgi.py", line 16, in <module>
    wsgi = load_source('wsgi', 'passenger_wsgi.py')
           ^^^^^^^^^^^^^^^^^^^^^^^^^^^^^^^^^^^^^^^^
  File "passenger_wsgi.py", line 13, in load_source
    loader.exec_module(module)
  File "<frozen importlib._bootstrap_external>", line 999, in exec_module
  File "<frozen importlib._bootstrap>", line 488, in _call_with_frames_removed
  File "passenger_wsgi.py", line 16, in <module>
    wsgi = load_source('wsgi', 'passenger_wsgi.py')
           ^^^^^^^^^^^^^^^^^^^^^^^^^^^^^^^^^^^^^^^^
  File "passenger_wsgi.py", line 13, in load_source
    loader.exec_module(module)
  File "<frozen importlib._bootstrap_external>", line 999, in exec_module
  File "<frozen importlib._bootstrap>", line 488, in _call_with_frames_removed
  File "passenger_wsgi.py", line 16, in <module>
    wsgi = load_source('wsgi', 'passenger_wsgi.py')
           ^^^^^^^^^^^^^^^^^^^^^^^^^^^^^^^^^^^^^^^^
  File "passenger_wsgi.py", line 13, in load_source
    loader.exec_module(module)
  File "<frozen importlib._bootstrap_external>", line 999, in exec_module
  File "<frozen importlib._bootstrap>", line 488, in _call_with_frames_removed
  File "passenger_wsgi.py", line 16, in <module>
    wsgi = load_source('wsgi', 'passenger_wsgi.py')
           ^^^^^^^^^^^^^^^^^^^^^^^^^^^^^^^^^^^^^^^^
  File "passenger_wsgi.py", line 13, in load_source
    loader.exec_module(module)
  File "<frozen importlib._bootstrap_external>", line 999, in exec_module
  File "<frozen importlib._bootstrap>", line 488, in _call_with_frames_removed
  File "passenger_wsgi.py", line 16, in <module>
    wsgi = load_source('wsgi', 'passenger_wsgi.py')
           ^^^^^^^^^^^^^^^^^^^^^^^^^^^^^^^^^^^^^^^^
  File "passenger_wsgi.py", line 13, in load_source
    loader.exec_module(module)
  File "<frozen importlib._bootstrap_external>", line 999, in exec_module
  File "<frozen importlib._bootstrap>", line 488, in _call_with_frames_removed
  File "passenger_wsgi.py", line 16, in <module>
    wsgi = load_source('wsgi', 'passenger_wsgi.py')
           ^^^^^^^^^^^^^^^^^^^^^^^^^^^^^^^^^^^^^^^^
  File "passenger_wsgi.py", line 13, in load_source
    loader.exec_module(module)
  File "<frozen importlib._bootstrap_external>", line 999, in exec_module
  File "<frozen importlib._bootstrap>", line 488, in _call_with_frames_removed
  File "passenger_wsgi.py", line 16, in <module>
    wsgi = load_source('wsgi', 'passenger_wsgi.py')
           ^^^^^^^^^^^^^^^^^^^^^^^^^^^^^^^^^^^^^^^^
  File "passenger_wsgi.py", line 13, in load_source
    loader.exec_module(module)
  File "<frozen importlib._bootstrap_external>", line 999, in exec_module
  File "<frozen importlib._bootstrap>", line 488, in _call_with_frames_removed
  File "passenger_wsgi.py", line 16, in <module>
    wsgi = load_source('wsgi', 'passenger_wsgi.py')
           ^^^^^^^^^^^^^^^^^^^^^^^^^^^^^^^^^^^^^^^^
  File "passenger_wsgi.py", line 13, in load_source
    loader.exec_module(module)
  File "<frozen importlib._bootstrap_external>", line 999, in exec_module
  File "<frozen importlib._bootstrap>", line 488, in _call_with_frames_removed
  File "passenger_wsgi.py", line 16, in <module>
    wsgi = load_source('wsgi', 'passenger_wsgi.py')
           ^^^^^^^^^^^^^^^^^^^^^^^^^^^^^^^^^^^^^^^^
  File "passenger_wsgi.py", line 13, in load_source
    loader.exec_module(module)
  File "<frozen importlib._bootstrap_external>", line 999, in exec_module
  File "<frozen importlib._bootstrap>", line 488, in _call_with_frames_removed
  File "passenger_wsgi.py", line 16, in <module>
    wsgi = load_source('wsgi', 'passenger_wsgi.py')
           ^^^^^^^^^^^^^^^^^^^^^^^^^^^^^^^^^^^^^^^^
  File "passenger_wsgi.py", line 13, in load_source
    loader.exec_module(module)
  File "<frozen importlib._bootstrap_external>", line 999, in exec_module
  File "<frozen importlib._bootstrap>", line 488, in _call_with_frames_removed
  File "passenger_wsgi.py", line 16, in <module>
    wsgi = load_source('wsgi', 'passenger_wsgi.py')
           ^^^^^^^^^^^^^^^^^^^^^^^^^^^^^^^^^^^^^^^^
  File "passenger_wsgi.py", line 13, in load_source
    loader.exec_module(module)
  File "<frozen importlib._bootstrap_external>", line 999, in exec_module
  File "<frozen importlib._bootstrap>", line 488, in _call_with_frames_removed
  File "passenger_wsgi.py", line 16, in <module>
    wsgi = load_source('wsgi', 'passenger_wsgi.py')
           ^^^^^^^^^^^^^^^^^^^^^^^^^^^^^^^^^^^^^^^^
  File "passenger_wsgi.py", line 13, in load_source
    loader.exec_module(module)
  File "<frozen importlib._bootstrap_external>", line 999, in exec_module
  File "<frozen importlib._bootstrap>", line 488, in _call_with_frames_removed
  File "passenger_wsgi.py", line 16, in <module>
    wsgi = load_source('wsgi', 'passenger_wsgi.py')
           ^^^^^^^^^^^^^^^^^^^^^^^^^^^^^^^^^^^^^^^^
  File "passenger_wsgi.py", line 13, in load_source
    loader.exec_module(module)
  File "<frozen importlib._bootstrap_external>", line 999, in exec_module
  File "<frozen importlib._bootstrap>", line 488, in _call_with_frames_removed
  File "passenger_wsgi.py", line 16, in <module>
    wsgi = load_source('wsgi', 'passenger_wsgi.py')
           ^^^^^^^^^^^^^^^^^^^^^^^^^^^^^^^^^^^^^^^^
  File "passenger_wsgi.py", line 13, in load_source
    loader.exec_module(module)
  File "<frozen importlib._bootstrap_external>", line 999, in exec_module
  File "<frozen importlib._bootstrap>", line 488, in _call_with_frames_removed
  File "passenger_wsgi.py", line 16, in <module>
    wsgi = load_source('wsgi', 'passenger_wsgi.py')
           ^^^^^^^^^^^^^^^^^^^^^^^^^^^^^^^^^^^^^^^^
  File "passenger_wsgi.py", line 13, in load_source
    loader.exec_module(module)
  File "<frozen importlib._bootstrap_external>", line 999, in exec_module
  File "<frozen importlib._bootstrap>", line 488, in _call_with_frames_removed
  File "passenger_wsgi.py", line 16, in <module>
    wsgi = load_source('wsgi', 'passenger_wsgi.py')
           ^^^^^^^^^^^^^^^^^^^^^^^^^^^^^^^^^^^^^^^^
  File "passenger_wsgi.py", line 13, in load_source
    loader.exec_module(module)
  File "<frozen importlib._bootstrap_external>", line 999, in exec_module
  File "<frozen importlib._bootstrap>", line 488, in _call_with_frames_removed
  File "passenger_wsgi.py", line 16, in <module>
    wsgi = load_source('wsgi', 'passenger_wsgi.py')
           ^^^^^^^^^^^^^^^^^^^^^^^^^^^^^^^^^^^^^^^^
  File "passenger_wsgi.py", line 13, in load_source
    loader.exec_module(module)
  File "<frozen importlib._bootstrap_external>", line 999, in exec_module
  File "<frozen importlib._bootstrap>", line 488, in _call_with_frames_removed
  File "passenger_wsgi.py", line 16, in <module>
    wsgi = load_source('wsgi', 'passenger_wsgi.py')
           ^^^^^^^^^^^^^^^^^^^^^^^^^^^^^^^^^^^^^^^^
  File "passenger_wsgi.py", line 13, in load_source
    loader.exec_module(module)
  File "<frozen importlib._bootstrap_external>", line 999, in exec_module
  File "<frozen importlib._bootstrap>", line 488, in _call_with_frames_removed
  File "passenger_wsgi.py", line 16, in <module>
    wsgi = load_source('wsgi', 'passenger_wsgi.py')
           ^^^^^^^^^^^^^^^^^^^^^^^^^^^^^^^^^^^^^^^^
  File "passenger_wsgi.py", line 13, in load_source
    loader.exec_module(module)
  File "<frozen importlib._bootstrap_external>", line 999, in exec_module
  File "<frozen importlib._bootstrap>", line 488, in _call_with_frames_removed
  File "passenger_wsgi.py", line 16, in <module>
    wsgi = load_source('wsgi', 'passenger_wsgi.py')
           ^^^^^^^^^^^^^^^^^^^^^^^^^^^^^^^^^^^^^^^^
  File "passenger_wsgi.py", line 13, in load_source
    loader.exec_module(module)
  File "<frozen importlib._bootstrap_external>", line 999, in exec_module
  File "<frozen importlib._bootstrap>", line 488, in _call_with_frames_removed
  File "passenger_wsgi.py", line 16, in <module>
    wsgi = load_source('wsgi', 'passenger_wsgi.py')
           ^^^^^^^^^^^^^^^^^^^^^^^^^^^^^^^^^^^^^^^^
  File "passenger_wsgi.py", line 13, in load_source
    loader.exec_module(module)
  File "<frozen importlib._bootstrap_external>", line 999, in exec_module
  File "<frozen importlib._bootstrap>", line 488, in _call_with_frames_removed
  File "passenger_wsgi.py", line 16, in <module>
    wsgi = load_source('wsgi', 'passenger_wsgi.py')
           ^^^^^^^^^^^^^^^^^^^^^^^^^^^^^^^^^^^^^^^^
  File "passenger_wsgi.py", line 13, in load_source
    loader.exec_module(module)
  File "<frozen importlib._bootstrap_external>", line 999, in exec_module
  File "<frozen importlib._bootstrap>", line 488, in _call_with_frames_removed
  File "passenger_wsgi.py", line 16, in <module>
    wsgi = load_source('wsgi', 'passenger_wsgi.py')
           ^^^^^^^^^^^^^^^^^^^^^^^^^^^^^^^^^^^^^^^^
  File "passenger_wsgi.py", line 13, in load_source
    loader.exec_module(module)
  File "<frozen importlib._bootstrap_external>", line 999, in exec_module
  File "<frozen importlib._bootstrap>", line 488, in _call_with_frames_removed
  File "passenger_wsgi.py", line 16, in <module>
    wsgi = load_source('wsgi', 'passenger_wsgi.py')
           ^^^^^^^^^^^^^^^^^^^^^^^^^^^^^^^^^^^^^^^^
  File "passenger_wsgi.py", line 13, in load_source
    loader.exec_module(module)
  File "<frozen importlib._bootstrap_external>", line 999, in exec_module
  File "<frozen importlib._bootstrap>", line 488, in _call_with_frames_removed
  File "passenger_wsgi.py", line 16, in <module>
    wsgi = load_source('wsgi', 'passenger_wsgi.py')
           ^^^^^^^^^^^^^^^^^^^^^^^^^^^^^^^^^^^^^^^^
  File "passenger_wsgi.py", line 13, in load_source
    loader.exec_module(module)
  File "<frozen importlib._bootstrap_external>", line 999, in exec_module
  File "<frozen importlib._bootstrap>", line 488, in _call_with_frames_removed
  File "passenger_wsgi.py", line 16, in <module>
    wsgi = load_source('wsgi', 'passenger_wsgi.py')
           ^^^^^^^^^^^^^^^^^^^^^^^^^^^^^^^^^^^^^^^^
  File "passenger_wsgi.py", line 13, in load_source
    loader.exec_module(module)
  File "<frozen importlib._bootstrap_external>", line 999, in exec_module
  File "<frozen importlib._bootstrap>", line 488, in _call_with_frames_removed
  File "passenger_wsgi.py", line 16, in <module>
    wsgi = load_source('wsgi', 'passenger_wsgi.py')
           ^^^^^^^^^^^^^^^^^^^^^^^^^^^^^^^^^^^^^^^^
  File "passenger_wsgi.py", line 13, in load_source
    loader.exec_module(module)
  File "<frozen importlib._bootstrap_external>", line 999, in exec_module
  File "<frozen importlib._bootstrap>", line 488, in _call_with_frames_removed
  File "passenger_wsgi.py", line 16, in <module>
    wsgi = load_source('wsgi', 'passenger_wsgi.py')
           ^^^^^^^^^^^^^^^^^^^^^^^^^^^^^^^^^^^^^^^^
  File "passenger_wsgi.py", line 13, in load_source
    loader.exec_module(module)
  File "<frozen importlib._bootstrap_external>", line 999, in exec_module
  File "<frozen importlib._bootstrap>", line 488, in _call_with_frames_removed
  File "passenger_wsgi.py", line 16, in <module>
    wsgi = load_source('wsgi', 'passenger_wsgi.py')
           ^^^^^^^^^^^^^^^^^^^^^^^^^^^^^^^^^^^^^^^^
  File "passenger_wsgi.py", line 13, in load_source
    loader.exec_module(module)
  File "<frozen importlib._bootstrap_external>", line 999, in exec_module
  File "<frozen importlib._bootstrap>", line 488, in _call_with_frames_removed
  File "passenger_wsgi.py", line 16, in <module>
    wsgi = load_source('wsgi', 'passenger_wsgi.py')
           ^^^^^^^^^^^^^^^^^^^^^^^^^^^^^^^^^^^^^^^^
  File "passenger_wsgi.py", line 13, in load_source
    loader.exec_module(module)
  File "<frozen importlib._bootstrap_external>", line 999, in exec_module
  File "<frozen importlib._bootstrap>", line 488, in _call_with_frames_removed
  File "passenger_wsgi.py", line 16, in <module>
    wsgi = load_source('wsgi', 'passenger_wsgi.py')
           ^^^^^^^^^^^^^^^^^^^^^^^^^^^^^^^^^^^^^^^^
  File "passenger_wsgi.py", line 13, in load_source
    loader.exec_module(module)
  File "<frozen importlib._bootstrap_external>", line 999, in exec_module
  File "<frozen importlib._bootstrap>", line 488, in _call_with_frames_removed
  File "passenger_wsgi.py", line 16, in <module>
    wsgi = load_source('wsgi', 'passenger_wsgi.py')
           ^^^^^^^^^^^^^^^^^^^^^^^^^^^^^^^^^^^^^^^^
  File "passenger_wsgi.py", line 13, in load_source
    loader.exec_module(module)
  File "<frozen importlib._bootstrap_external>", line 999, in exec_module
  File "<frozen importlib._bootstrap>", line 488, in _call_with_frames_removed
  File "passenger_wsgi.py", line 16, in <module>
    wsgi = load_source('wsgi', 'passenger_wsgi.py')
           ^^^^^^^^^^^^^^^^^^^^^^^^^^^^^^^^^^^^^^^^
  File "passenger_wsgi.py", line 13, in load_source
    loader.exec_module(module)
  File "<frozen importlib._bootstrap_external>", line 999, in exec_module
  File "<frozen importlib._bootstrap>", line 488, in _call_with_frames_removed
  File "passenger_wsgi.py", line 16, in <module>
    wsgi = load_source('wsgi', 'passenger_wsgi.py')
           ^^^^^^^^^^^^^^^^^^^^^^^^^^^^^^^^^^^^^^^^
  File "passenger_wsgi.py", line 13, in load_source
    loader.exec_module(module)
  File "<frozen importlib._bootstrap_external>", line 999, in exec_module
  File "<frozen importlib._bootstrap>", line 488, in _call_with_frames_removed
  File "passenger_wsgi.py", line 16, in <module>
    wsgi = load_source('wsgi', 'passenger_wsgi.py')
           ^^^^^^^^^^^^^^^^^^^^^^^^^^^^^^^^^^^^^^^^
  File "passenger_wsgi.py", line 13, in load_source
    loader.exec_module(module)
  File "<frozen importlib._bootstrap_external>", line 999, in exec_module
  File "<frozen importlib._bootstrap>", line 488, in _call_with_frames_removed
  File "passenger_wsgi.py", line 16, in <module>
    wsgi = load_source('wsgi', 'passenger_wsgi.py')
           ^^^^^^^^^^^^^^^^^^^^^^^^^^^^^^^^^^^^^^^^
  File "passenger_wsgi.py", line 13, in load_source
    loader.exec_module(module)
  File "<frozen importlib._bootstrap_external>", line 999, in exec_module
  File "<frozen importlib._bootstrap>", line 488, in _call_with_frames_removed
  File "passenger_wsgi.py", line 16, in <module>
    wsgi = load_source('wsgi', 'passenger_wsgi.py')
           ^^^^^^^^^^^^^^^^^^^^^^^^^^^^^^^^^^^^^^^^
  File "passenger_wsgi.py", line 13, in load_source
    loader.exec_module(module)
  File "<frozen importlib._bootstrap_external>", line 999, in exec_module
  File "<frozen importlib._bootstrap>", line 488, in _call_with_frames_removed
  File "passenger_wsgi.py", line 16, in <module>
    wsgi = load_source('wsgi', 'passenger_wsgi.py')
           ^^^^^^^^^^^^^^^^^^^^^^^^^^^^^^^^^^^^^^^^
  File "passenger_wsgi.py", line 13, in load_source
    loader.exec_module(module)
  File "<frozen importlib._bootstrap_external>", line 999, in exec_module
  File "<frozen importlib._bootstrap>", line 488, in _call_with_frames_removed
  File "passenger_wsgi.py", line 16, in <module>
    wsgi = load_source('wsgi', 'passenger_wsgi.py')
           ^^^^^^^^^^^^^^^^^^^^^^^^^^^^^^^^^^^^^^^^
  File "passenger_wsgi.py", line 13, in load_source
    loader.exec_module(module)
  File "<frozen importlib._bootstrap_external>", line 999, in exec_module
  File "<frozen importlib._bootstrap>", line 488, in _call_with_frames_removed
  File "passenger_wsgi.py", line 16, in <module>
    wsgi = load_source('wsgi', 'passenger_wsgi.py')
           ^^^^^^^^^^^^^^^^^^^^^^^^^^^^^^^^^^^^^^^^
  File "passenger_wsgi.py", line 13, in load_source
    loader.exec_module(module)
  File "<frozen importlib._bootstrap_external>", line 999, in exec_module
  File "<frozen importlib._bootstrap>", line 488, in _call_with_frames_removed
  File "passenger_wsgi.py", line 16, in <module>
    wsgi = load_source('wsgi', 'passenger_wsgi.py')
           ^^^^^^^^^^^^^^^^^^^^^^^^^^^^^^^^^^^^^^^^
  File "passenger_wsgi.py", line 13, in load_source
    loader.exec_module(module)
  File "<frozen importlib._bootstrap_external>", line 999, in exec_module
  File "<frozen importlib._bootstrap>", line 488, in _call_with_frames_removed
  File "passenger_wsgi.py", line 16, in <module>
    wsgi = load_source('wsgi', 'passenger_wsgi.py')
           ^^^^^^^^^^^^^^^^^^^^^^^^^^^^^^^^^^^^^^^^
  File "passenger_wsgi.py", line 13, in load_source
    loader.exec_module(module)
  File "<frozen importlib._bootstrap_external>", line 999, in exec_module
  File "<frozen importlib._bootstrap>", line 488, in _call_with_frames_removed
  File "passenger_wsgi.py", line 16, in <module>
    wsgi = load_source('wsgi', 'passenger_wsgi.py')
           ^^^^^^^^^^^^^^^^^^^^^^^^^^^^^^^^^^^^^^^^
  File "passenger_wsgi.py", line 13, in load_source
    loader.exec_module(module)
  File "<frozen importlib._bootstrap_external>", line 999, in exec_module
  File "<frozen importlib._bootstrap>", line 488, in _call_with_frames_removed
  File "passenger_wsgi.py", line 16, in <module>
    wsgi = load_source('wsgi', 'passenger_wsgi.py')
           ^^^^^^^^^^^^^^^^^^^^^^^^^^^^^^^^^^^^^^^^
  File "passenger_wsgi.py", line 13, in load_source
    loader.exec_module(module)
  File "<frozen importlib._bootstrap_external>", line 999, in exec_module
  File "<frozen importlib._bootstrap>", line 488, in _call_with_frames_removed
  File "passenger_wsgi.py", line 16, in <module>
    wsgi = load_source('wsgi', 'passenger_wsgi.py')
           ^^^^^^^^^^^^^^^^^^^^^^^^^^^^^^^^^^^^^^^^
  File "passenger_wsgi.py", line 13, in load_source
    loader.exec_module(module)
  File "<frozen importlib._bootstrap_external>", line 999, in exec_module
  File "<frozen importlib._bootstrap>", line 488, in _call_with_frames_removed
  File "passenger_wsgi.py", line 16, in <module>
    wsgi = load_source('wsgi', 'passenger_wsgi.py')
           ^^^^^^^^^^^^^^^^^^^^^^^^^^^^^^^^^^^^^^^^
  File "passenger_wsgi.py", line 13, in load_source
    loader.exec_module(module)
  File "<frozen importlib._bootstrap_external>", line 999, in exec_module
  File "<frozen importlib._bootstrap>", line 488, in _call_with_frames_removed
  File "passenger_wsgi.py", line 16, in <module>
    wsgi = load_source('wsgi', 'passenger_wsgi.py')
           ^^^^^^^^^^^^^^^^^^^^^^^^^^^^^^^^^^^^^^^^
  File "passenger_wsgi.py", line 13, in load_source
    loader.exec_module(module)
  File "<frozen importlib._bootstrap_external>", line 999, in exec_module
  File "<frozen importlib._bootstrap>", line 488, in _call_with_frames_removed
  File "passenger_wsgi.py", line 16, in <module>
    wsgi = load_source('wsgi', 'passenger_wsgi.py')
           ^^^^^^^^^^^^^^^^^^^^^^^^^^^^^^^^^^^^^^^^
  File "passenger_wsgi.py", line 13, in load_source
    loader.exec_module(module)
  File "<frozen importlib._bootstrap_external>", line 999, in exec_module
  File "<frozen importlib._bootstrap>", line 488, in _call_with_frames_removed
  File "passenger_wsgi.py", line 16, in <module>
    wsgi = load_source('wsgi', 'passenger_wsgi.py')
           ^^^^^^^^^^^^^^^^^^^^^^^^^^^^^^^^^^^^^^^^
  File "passenger_wsgi.py", line 13, in load_source
    loader.exec_module(module)
  File "<frozen importlib._bootstrap_external>", line 999, in exec_module
  File "<frozen importlib._bootstrap>", line 488, in _call_with_frames_removed
  File "passenger_wsgi.py", line 16, in <module>
    wsgi = load_source('wsgi', 'passenger_wsgi.py')
           ^^^^^^^^^^^^^^^^^^^^^^^^^^^^^^^^^^^^^^^^
  File "passenger_wsgi.py", line 13, in load_source
    loader.exec_module(module)
  File "<frozen importlib._bootstrap_external>", line 999, in exec_module
  File "<frozen importlib._bootstrap>", line 488, in _call_with_frames_removed
  File "passenger_wsgi.py", line 16, in <module>
    wsgi = load_source('wsgi', 'passenger_wsgi.py')
           ^^^^^^^^^^^^^^^^^^^^^^^^^^^^^^^^^^^^^^^^
  File "passenger_wsgi.py", line 13, in load_source
    loader.exec_module(module)
  File "<frozen importlib._bootstrap_external>", line 999, in exec_module
  File "<frozen importlib._bootstrap>", line 488, in _call_with_frames_removed
  File "passenger_wsgi.py", line 16, in <module>
    wsgi = load_source('wsgi', 'passenger_wsgi.py')
           ^^^^^^^^^^^^^^^^^^^^^^^^^^^^^^^^^^^^^^^^
  File "passenger_wsgi.py", line 13, in load_source
    loader.exec_module(module)
  File "<frozen importlib._bootstrap_external>", line 999, in exec_module
  File "<frozen importlib._bootstrap>", line 488, in _call_with_frames_removed
  File "passenger_wsgi.py", line 16, in <module>
    wsgi = load_source('wsgi', 'passenger_wsgi.py')
           ^^^^^^^^^^^^^^^^^^^^^^^^^^^^^^^^^^^^^^^^
  File "passenger_wsgi.py", line 13, in load_source
    loader.exec_module(module)
  File "<frozen importlib._bootstrap_external>", line 999, in exec_module
  File "<frozen importlib._bootstrap>", line 488, in _call_with_frames_removed
  File "passenger_wsgi.py", line 16, in <module>
    wsgi = load_source('wsgi', 'passenger_wsgi.py')
           ^^^^^^^^^^^^^^^^^^^^^^^^^^^^^^^^^^^^^^^^
  File "passenger_wsgi.py", line 13, in load_source
    loader.exec_module(module)
  File "<frozen importlib._bootstrap_external>", line 999, in exec_module
  File "<frozen importlib._bootstrap>", line 488, in _call_with_frames_removed
  File "passenger_wsgi.py", line 16, in <module>
    wsgi = load_source('wsgi', 'passenger_wsgi.py')
           ^^^^^^^^^^^^^^^^^^^^^^^^^^^^^^^^^^^^^^^^
  File "passenger_wsgi.py", line 13, in load_source
    loader.exec_module(module)
  File "<frozen importlib._bootstrap_external>", line 999, in exec_module
  File "<frozen importlib._bootstrap>", line 488, in _call_with_frames_removed
  File "passenger_wsgi.py", line 16, in <module>
    wsgi = load_source('wsgi', 'passenger_wsgi.py')
           ^^^^^^^^^^^^^^^^^^^^^^^^^^^^^^^^^^^^^^^^
  File "passenger_wsgi.py", line 13, in load_source
    loader.exec_module(module)
  File "<frozen importlib._bootstrap_external>", line 999, in exec_module
  File "<frozen importlib._bootstrap>", line 488, in _call_with_frames_removed
  File "passenger_wsgi.py", line 16, in <module>
    wsgi = load_source('wsgi', 'passenger_wsgi.py')
           ^^^^^^^^^^^^^^^^^^^^^^^^^^^^^^^^^^^^^^^^
  File "passenger_wsgi.py", line 13, in load_source
    loader.exec_module(module)
  File "<frozen importlib._bootstrap_external>", line 999, in exec_module
  File "<frozen importlib._bootstrap>", line 488, in _call_with_frames_removed
  File "passenger_wsgi.py", line 16, in <module>
    wsgi = load_source('wsgi', 'passenger_wsgi.py')
           ^^^^^^^^^^^^^^^^^^^^^^^^^^^^^^^^^^^^^^^^
  File "passenger_wsgi.py", line 13, in load_source
    loader.exec_module(module)
  File "<frozen importlib._bootstrap_external>", line 999, in exec_module
  File "<frozen importlib._bootstrap>", line 488, in _call_with_frames_removed
  File "passenger_wsgi.py", line 16, in <module>
    wsgi = load_source('wsgi', 'passenger_wsgi.py')
           ^^^^^^^^^^^^^^^^^^^^^^^^^^^^^^^^^^^^^^^^
  File "passenger_wsgi.py", line 13, in load_source
    loader.exec_module(module)
  File "<frozen importlib._bootstrap_external>", line 999, in exec_module
  File "<frozen importlib._bootstrap>", line 488, in _call_with_frames_removed
  File "passenger_wsgi.py", line 16, in <module>
    wsgi = load_source('wsgi', 'passenger_wsgi.py')
           ^^^^^^^^^^^^^^^^^^^^^^^^^^^^^^^^^^^^^^^^
  File "passenger_wsgi.py", line 13, in load_source
    loader.exec_module(module)
  File "<frozen importlib._bootstrap_external>", line 999, in exec_module
  File "<frozen importlib._bootstrap>", line 488, in _call_with_frames_removed
  File "passenger_wsgi.py", line 16, in <module>
    wsgi = load_source('wsgi', 'passenger_wsgi.py')
           ^^^^^^^^^^^^^^^^^^^^^^^^^^^^^^^^^^^^^^^^
  File "passenger_wsgi.py", line 13, in load_source
    loader.exec_module(module)
  File "<frozen importlib._bootstrap_external>", line 999, in exec_module
  File "<frozen importlib._bootstrap>", line 488, in _call_with_frames_removed
  File "passenger_wsgi.py", line 16, in <module>
    wsgi = load_source('wsgi', 'passenger_wsgi.py')
           ^^^^^^^^^^^^^^^^^^^^^^^^^^^^^^^^^^^^^^^^
  File "passenger_wsgi.py", line 13, in load_source
    loader.exec_module(module)
  File "<frozen importlib._bootstrap_external>", line 999, in exec_module
  File "<frozen importlib._bootstrap>", line 488, in _call_with_frames_removed
  File "passenger_wsgi.py", line 16, in <module>
    wsgi = load_source('wsgi', 'passenger_wsgi.py')
           ^^^^^^^^^^^^^^^^^^^^^^^^^^^^^^^^^^^^^^^^
  File "passenger_wsgi.py", line 13, in load_source
    loader.exec_module(module)
  File "<frozen importlib._bootstrap_external>", line 999, in exec_module
  File "<frozen importlib._bootstrap>", line 488, in _call_with_frames_removed
  File "passenger_wsgi.py", line 16, in <module>
    wsgi = load_source('wsgi', 'passenger_wsgi.py')
           ^^^^^^^^^^^^^^^^^^^^^^^^^^^^^^^^^^^^^^^^
  File "passenger_wsgi.py", line 13, in load_source
    loader.exec_module(module)
  File "<frozen importlib._bootstrap_external>", line 999, in exec_module
  File "<frozen importlib._bootstrap>", line 488, in _call_with_frames_removed
  File "passenger_wsgi.py", line 16, in <module>
    wsgi = load_source('wsgi', 'passenger_wsgi.py')
           ^^^^^^^^^^^^^^^^^^^^^^^^^^^^^^^^^^^^^^^^
  File "passenger_wsgi.py", line 13, in load_source
    loader.exec_module(module)
  File "<frozen importlib._bootstrap_external>", line 999, in exec_module
  File "<frozen importlib._bootstrap>", line 488, in _call_with_frames_removed
  File "passenger_wsgi.py", line 16, in <module>
    wsgi = load_source('wsgi', 'passenger_wsgi.py')
           ^^^^^^^^^^^^^^^^^^^^^^^^^^^^^^^^^^^^^^^^
  File "passenger_wsgi.py", line 13, in load_source
    loader.exec_module(module)
  File "<frozen importlib._bootstrap_external>", line 999, in exec_module
  File "<frozen importlib._bootstrap>", line 488, in _call_with_frames_removed
  File "passenger_wsgi.py", line 16, in <module>
    wsgi = load_source('wsgi', 'passenger_wsgi.py')
           ^^^^^^^^^^^^^^^^^^^^^^^^^^^^^^^^^^^^^^^^
  File "passenger_wsgi.py", line 13, in load_source
    loader.exec_module(module)
  File "<frozen importlib._bootstrap_external>", line 999, in exec_module
  File "<frozen importlib._bootstrap>", line 488, in _call_with_frames_removed
  File "passenger_wsgi.py", line 16, in <module>
    wsgi = load_source('wsgi', 'passenger_wsgi.py')
           ^^^^^^^^^^^^^^^^^^^^^^^^^^^^^^^^^^^^^^^^
  File "passenger_wsgi.py", line 13, in load_source
    loader.exec_module(module)
  File "<frozen importlib._bootstrap_external>", line 999, in exec_module
  File "<frozen importlib._bootstrap>", line 488, in _call_with_frames_removed
  File "passenger_wsgi.py", line 16, in <module>
    wsgi = load_source('wsgi', 'passenger_wsgi.py')
           ^^^^^^^^^^^^^^^^^^^^^^^^^^^^^^^^^^^^^^^^
  File "passenger_wsgi.py", line 13, in load_source
    loader.exec_module(module)
  File "<frozen importlib._bootstrap_external>", line 999, in exec_module
  File "<frozen importlib._bootstrap>", line 488, in _call_with_frames_removed
  File "passenger_wsgi.py", line 16, in <module>
    wsgi = load_source('wsgi', 'passenger_wsgi.py')
           ^^^^^^^^^^^^^^^^^^^^^^^^^^^^^^^^^^^^^^^^
  File "passenger_wsgi.py", line 13, in load_source
    loader.exec_module(module)
  File "<frozen importlib._bootstrap_external>", line 999, in exec_module
  File "<frozen importlib._bootstrap>", line 488, in _call_with_frames_removed
  File "passenger_wsgi.py", line 16, in <module>
    wsgi = load_source('wsgi', 'passenger_wsgi.py')
           ^^^^^^^^^^^^^^^^^^^^^^^^^^^^^^^^^^^^^^^^
  File "passenger_wsgi.py", line 13, in load_source
    loader.exec_module(module)
  File "<frozen importlib._bootstrap_external>", line 999, in exec_module
  File "<frozen importlib._bootstrap>", line 488, in _call_with_frames_removed
  File "passenger_wsgi.py", line 16, in <module>
    wsgi = load_source('wsgi', 'passenger_wsgi.py')
           ^^^^^^^^^^^^^^^^^^^^^^^^^^^^^^^^^^^^^^^^
  File "passenger_wsgi.py", line 13, in load_source
    loader.exec_module(module)
  File "<frozen importlib._bootstrap_external>", line 999, in exec_module
  File "<frozen importlib._bootstrap>", line 488, in _call_with_frames_removed
  File "passenger_wsgi.py", line 16, in <module>
    wsgi = load_source('wsgi', 'passenger_wsgi.py')
           ^^^^^^^^^^^^^^^^^^^^^^^^^^^^^^^^^^^^^^^^
  File "passenger_wsgi.py", line 13, in load_source
    loader.exec_module(module)
  File "<frozen importlib._bootstrap_external>", line 999, in exec_module
  File "<frozen importlib._bootstrap>", line 488, in _call_with_frames_removed
  File "passenger_wsgi.py", line 16, in <module>
    wsgi = load_source('wsgi', 'passenger_wsgi.py')
           ^^^^^^^^^^^^^^^^^^^^^^^^^^^^^^^^^^^^^^^^
  File "passenger_wsgi.py", line 13, in load_source
    loader.exec_module(module)
  File "<frozen importlib._bootstrap_external>", line 999, in exec_module
  File "<frozen importlib._bootstrap>", line 488, in _call_with_frames_removed
  File "passenger_wsgi.py", line 16, in <module>
    wsgi = load_source('wsgi', 'passenger_wsgi.py')
           ^^^^^^^^^^^^^^^^^^^^^^^^^^^^^^^^^^^^^^^^
  File "passenger_wsgi.py", line 13, in load_source
    loader.exec_module(module)
  File "<frozen importlib._bootstrap_external>", line 999, in exec_module
  File "<frozen importlib._bootstrap>", line 488, in _call_with_frames_removed
  File "passenger_wsgi.py", line 16, in <module>
    wsgi = load_source('wsgi', 'passenger_wsgi.py')
           ^^^^^^^^^^^^^^^^^^^^^^^^^^^^^^^^^^^^^^^^
  File "passenger_wsgi.py", line 13, in load_source
    loader.exec_module(module)
  File "<frozen importlib._bootstrap_external>", line 999, in exec_module
  File "<frozen importlib._bootstrap>", line 488, in _call_with_frames_removed
  File "passenger_wsgi.py", line 16, in <module>
    wsgi = load_source('wsgi', 'passenger_wsgi.py')
           ^^^^^^^^^^^^^^^^^^^^^^^^^^^^^^^^^^^^^^^^
  File "passenger_wsgi.py", line 13, in load_source
    loader.exec_module(module)
  File "<frozen importlib._bootstrap_external>", line 999, in exec_module
  File "<frozen importlib._bootstrap>", line 488, in _call_with_frames_removed
  File "passenger_wsgi.py", line 16, in <module>
    wsgi = load_source('wsgi', 'passenger_wsgi.py')
           ^^^^^^^^^^^^^^^^^^^^^^^^^^^^^^^^^^^^^^^^
  File "passenger_wsgi.py", line 13, in load_source
    loader.exec_module(module)
  File "<frozen importlib._bootstrap_external>", line 999, in exec_module
  File "<frozen importlib._bootstrap>", line 488, in _call_with_frames_removed
  File "passenger_wsgi.py", line 16, in <module>
    wsgi = load_source('wsgi', 'passenger_wsgi.py')
           ^^^^^^^^^^^^^^^^^^^^^^^^^^^^^^^^^^^^^^^^
  File "passenger_wsgi.py", line 13, in load_source
    loader.exec_module(module)
  File "<frozen importlib._bootstrap_external>", line 999, in exec_module
  File "<frozen importlib._bootstrap>", line 488, in _call_with_frames_removed
  File "passenger_wsgi.py", line 16, in <module>
    wsgi = load_source('wsgi', 'passenger_wsgi.py')
           ^^^^^^^^^^^^^^^^^^^^^^^^^^^^^^^^^^^^^^^^
  File "passenger_wsgi.py", line 13, in load_source
    loader.exec_module(module)
  File "<frozen importlib._bootstrap_external>", line 999, in exec_module
  File "<frozen importlib._bootstrap>", line 488, in _call_with_frames_removed
  File "passenger_wsgi.py", line 16, in <module>
    wsgi = load_source('wsgi', 'passenger_wsgi.py')
           ^^^^^^^^^^^^^^^^^^^^^^^^^^^^^^^^^^^^^^^^
  File "passenger_wsgi.py", line 13, in load_source
    loader.exec_module(module)
  File "<frozen importlib._bootstrap_external>", line 999, in exec_module
  File "<frozen importlib._bootstrap>", line 488, in _call_with_frames_removed
  File "passenger_wsgi.py", line 16, in <module>
    wsgi = load_source('wsgi', 'passenger_wsgi.py')
           ^^^^^^^^^^^^^^^^^^^^^^^^^^^^^^^^^^^^^^^^
  File "passenger_wsgi.py", line 13, in load_source
    loader.exec_module(module)
  File "<frozen importlib._bootstrap_external>", line 999, in exec_module
  File "<frozen importlib._bootstrap>", line 488, in _call_with_frames_removed
  File "passenger_wsgi.py", line 16, in <module>
    wsgi = load_source('wsgi', 'passenger_wsgi.py')
           ^^^^^^^^^^^^^^^^^^^^^^^^^^^^^^^^^^^^^^^^
  File "passenger_wsgi.py", line 13, in load_source
    loader.exec_module(module)
  File "<frozen importlib._bootstrap_external>", line 999, in exec_module
  File "<frozen importlib._bootstrap>", line 488, in _call_with_frames_removed
  File "passenger_wsgi.py", line 16, in <module>
    wsgi = load_source('wsgi', 'passenger_wsgi.py')
           ^^^^^^^^^^^^^^^^^^^^^^^^^^^^^^^^^^^^^^^^
  File "passenger_wsgi.py", line 13, in load_source
    loader.exec_module(module)
  File "<frozen importlib._bootstrap_external>", line 999, in exec_module
  File "<frozen importlib._bootstrap>", line 488, in _call_with_frames_removed
  File "passenger_wsgi.py", line 16, in <module>
    wsgi = load_source('wsgi', 'passenger_wsgi.py')
           ^^^^^^^^^^^^^^^^^^^^^^^^^^^^^^^^^^^^^^^^
  File "passenger_wsgi.py", line 13, in load_source
    loader.exec_module(module)
  File "<frozen importlib._bootstrap_external>", line 999, in exec_module
  File "<frozen importlib._bootstrap>", line 488, in _call_with_frames_removed
  File "passenger_wsgi.py", line 16, in <module>
    wsgi = load_source('wsgi', 'passenger_wsgi.py')
           ^^^^^^^^^^^^^^^^^^^^^^^^^^^^^^^^^^^^^^^^
  File "passenger_wsgi.py", line 13, in load_source
    loader.exec_module(module)
  File "<frozen importlib._bootstrap_external>", line 999, in exec_module
  File "<frozen importlib._bootstrap>", line 488, in _call_with_frames_removed
  File "passenger_wsgi.py", line 16, in <module>
    wsgi = load_source('wsgi', 'passenger_wsgi.py')
           ^^^^^^^^^^^^^^^^^^^^^^^^^^^^^^^^^^^^^^^^
  File "passenger_wsgi.py", line 13, in load_source
    loader.exec_module(module)
  File "<frozen importlib._bootstrap_external>", line 999, in exec_module
  File "<frozen importlib._bootstrap>", line 488, in _call_with_frames_removed
  File "passenger_wsgi.py", line 16, in <module>
    wsgi = load_source('wsgi', 'passenger_wsgi.py')
           ^^^^^^^^^^^^^^^^^^^^^^^^^^^^^^^^^^^^^^^^
  File "passenger_wsgi.py", line 13, in load_source
    loader.exec_module(module)
  File "<frozen importlib._bootstrap_external>", line 999, in exec_module
  File "<frozen importlib._bootstrap>", line 488, in _call_with_frames_removed
  File "passenger_wsgi.py", line 16, in <module>
    wsgi = load_source('wsgi', 'passenger_wsgi.py')
           ^^^^^^^^^^^^^^^^^^^^^^^^^^^^^^^^^^^^^^^^
  File "passenger_wsgi.py", line 13, in load_source
    loader.exec_module(module)
  File "<frozen importlib._bootstrap_external>", line 999, in exec_module
  File "<frozen importlib._bootstrap>", line 488, in _call_with_frames_removed
  File "passenger_wsgi.py", line 16, in <module>
    wsgi = load_source('wsgi', 'passenger_wsgi.py')
           ^^^^^^^^^^^^^^^^^^^^^^^^^^^^^^^^^^^^^^^^
  File "passenger_wsgi.py", line 13, in load_source
    loader.exec_module(module)
  File "<frozen importlib._bootstrap_external>", line 999, in exec_module
  File "<frozen importlib._bootstrap>", line 488, in _call_with_frames_removed
  File "passenger_wsgi.py", line 16, in <module>
    wsgi = load_source('wsgi', 'passenger_wsgi.py')
           ^^^^^^^^^^^^^^^^^^^^^^^^^^^^^^^^^^^^^^^^
  File "passenger_wsgi.py", line 13, in load_source
    loader.exec_module(module)
  File "<frozen importlib._bootstrap_external>", line 999, in exec_module
  File "<frozen importlib._bootstrap>", line 488, in _call_with_frames_removed
  File "passenger_wsgi.py", line 16, in <module>
    wsgi = load_source('wsgi', 'passenger_wsgi.py')
           ^^^^^^^^^^^^^^^^^^^^^^^^^^^^^^^^^^^^^^^^
  File "passenger_wsgi.py", line 13, in load_source
    loader.exec_module(module)
  File "<frozen importlib._bootstrap_external>", line 999, in exec_module
  File "<frozen importlib._bootstrap>", line 488, in _call_with_frames_removed
  File "passenger_wsgi.py", line 16, in <module>
    wsgi = load_source('wsgi', 'passenger_wsgi.py')
           ^^^^^^^^^^^^^^^^^^^^^^^^^^^^^^^^^^^^^^^^
  File "passenger_wsgi.py", line 13, in load_source
    loader.exec_module(module)
  File "<frozen importlib._bootstrap_external>", line 999, in exec_module
  File "<frozen importlib._bootstrap>", line 488, in _call_with_frames_removed
  File "passenger_wsgi.py", line 16, in <module>
    wsgi = load_source('wsgi', 'passenger_wsgi.py')
           ^^^^^^^^^^^^^^^^^^^^^^^^^^^^^^^^^^^^^^^^
  File "passenger_wsgi.py", line 13, in load_source
    loader.exec_module(module)
  File "<frozen importlib._bootstrap_external>", line 999, in exec_module
  File "<frozen importlib._bootstrap>", line 488, in _call_with_frames_removed
  File "passenger_wsgi.py", line 16, in <module>
    wsgi = load_source('wsgi', 'passenger_wsgi.py')
           ^^^^^^^^^^^^^^^^^^^^^^^^^^^^^^^^^^^^^^^^
  File "passenger_wsgi.py", line 13, in load_source
    loader.exec_module(module)
  File "<frozen importlib._bootstrap_external>", line 999, in exec_module
  File "<frozen importlib._bootstrap>", line 488, in _call_with_frames_removed
  File "passenger_wsgi.py", line 16, in <module>
    wsgi = load_source('wsgi', 'passenger_wsgi.py')
           ^^^^^^^^^^^^^^^^^^^^^^^^^^^^^^^^^^^^^^^^
  File "passenger_wsgi.py", line 13, in load_source
    loader.exec_module(module)
  File "<frozen importlib._bootstrap_external>", line 999, in exec_module
  File "<frozen importlib._bootstrap>", line 488, in _call_with_frames_removed
  File "passenger_wsgi.py", line 16, in <module>
    wsgi = load_source('wsgi', 'passenger_wsgi.py')
           ^^^^^^^^^^^^^^^^^^^^^^^^^^^^^^^^^^^^^^^^
  File "passenger_wsgi.py", line 13, in load_source
    loader.exec_module(module)
  File "<frozen importlib._bootstrap_external>", line 999, in exec_module
  File "<frozen importlib._bootstrap>", line 488, in _call_with_frames_removed
  File "passenger_wsgi.py", line 16, in <module>
    wsgi = load_source('wsgi', 'passenger_wsgi.py')
           ^^^^^^^^^^^^^^^^^^^^^^^^^^^^^^^^^^^^^^^^
  File "passenger_wsgi.py", line 13, in load_source
    loader.exec_module(module)
  File "<frozen importlib._bootstrap_external>", line 999, in exec_module
  File "<frozen importlib._bootstrap>", line 488, in _call_with_frames_removed
  File "passenger_wsgi.py", line 16, in <module>
    wsgi = load_source('wsgi', 'passenger_wsgi.py')
           ^^^^^^^^^^^^^^^^^^^^^^^^^^^^^^^^^^^^^^^^
  File "passenger_wsgi.py", line 13, in load_source
    loader.exec_module(module)
  File "<frozen importlib._bootstrap_external>", line 999, in exec_module
  File "<frozen importlib._bootstrap>", line 488, in _call_with_frames_removed
  File "passenger_wsgi.py", line 16, in <module>
    wsgi = load_source('wsgi', 'passenger_wsgi.py')
           ^^^^^^^^^^^^^^^^^^^^^^^^^^^^^^^^^^^^^^^^
  File "passenger_wsgi.py", line 13, in load_source
    loader.exec_module(module)
  File "<frozen importlib._bootstrap_external>", line 999, in exec_module
  File "<frozen importlib._bootstrap>", line 488, in _call_with_frames_removed
  File "passenger_wsgi.py", line 16, in <module>
    wsgi = load_source('wsgi', 'passenger_wsgi.py')
           ^^^^^^^^^^^^^^^^^^^^^^^^^^^^^^^^^^^^^^^^
  File "passenger_wsgi.py", line 13, in load_source
    loader.exec_module(module)
  File "<frozen importlib._bootstrap_external>", line 999, in exec_module
  File "<frozen importlib._bootstrap>", line 488, in _call_with_frames_removed
  File "passenger_wsgi.py", line 16, in <module>
    wsgi = load_source('wsgi', 'passenger_wsgi.py')
           ^^^^^^^^^^^^^^^^^^^^^^^^^^^^^^^^^^^^^^^^
  File "passenger_wsgi.py", line 13, in load_source
    loader.exec_module(module)
  File "<frozen importlib._bootstrap_external>", line 999, in exec_module
  File "<frozen importlib._bootstrap>", line 488, in _call_with_frames_removed
  File "passenger_wsgi.py", line 16, in <module>
    wsgi = load_source('wsgi', 'passenger_wsgi.py')
           ^^^^^^^^^^^^^^^^^^^^^^^^^^^^^^^^^^^^^^^^
  File "passenger_wsgi.py", line 13, in load_source
    loader.exec_module(module)
  File "<frozen importlib._bootstrap_external>", line 999, in exec_module
  File "<frozen importlib._bootstrap>", line 488, in _call_with_frames_removed
  File "passenger_wsgi.py", line 16, in <module>
    wsgi = load_source('wsgi', 'passenger_wsgi.py')
           ^^^^^^^^^^^^^^^^^^^^^^^^^^^^^^^^^^^^^^^^
  File "passenger_wsgi.py", line 13, in load_source
    loader.exec_module(module)
  File "<frozen importlib._bootstrap_external>", line 999, in exec_module
  File "<frozen importlib._bootstrap>", line 488, in _call_with_frames_removed
  File "passenger_wsgi.py", line 16, in <module>
    wsgi = load_source('wsgi', 'passenger_wsgi.py')
           ^^^^^^^^^^^^^^^^^^^^^^^^^^^^^^^^^^^^^^^^
  File "passenger_wsgi.py", line 13, in load_source
    loader.exec_module(module)
  File "<frozen importlib._bootstrap_external>", line 999, in exec_module
  File "<frozen importlib._bootstrap>", line 488, in _call_with_frames_removed
  File "passenger_wsgi.py", line 16, in <module>
    wsgi = load_source('wsgi', 'passenger_wsgi.py')
           ^^^^^^^^^^^^^^^^^^^^^^^^^^^^^^^^^^^^^^^^
  File "passenger_wsgi.py", line 13, in load_source
    loader.exec_module(module)
  File "<frozen importlib._bootstrap_external>", line 999, in exec_module
  File "<frozen importlib._bootstrap>", line 488, in _call_with_frames_removed
  File "passenger_wsgi.py", line 16, in <module>
    wsgi = load_source('wsgi', 'passenger_wsgi.py')
           ^^^^^^^^^^^^^^^^^^^^^^^^^^^^^^^^^^^^^^^^
  File "passenger_wsgi.py", line 13, in load_source
    loader.exec_module(module)
  File "<frozen importlib._bootstrap_external>", line 999, in exec_module
  File "<frozen importlib._bootstrap>", line 488, in _call_with_frames_removed
  File "passenger_wsgi.py", line 16, in <module>
    wsgi = load_source('wsgi', 'passenger_wsgi.py')
           ^^^^^^^^^^^^^^^^^^^^^^^^^^^^^^^^^^^^^^^^
  File "passenger_wsgi.py", line 13, in load_source
    loader.exec_module(module)
  File "<frozen importlib._bootstrap_external>", line 999, in exec_module
  File "<frozen importlib._bootstrap>", line 488, in _call_with_frames_removed
  File "passenger_wsgi.py", line 16, in <module>
    wsgi = load_source('wsgi', 'passenger_wsgi.py')
           ^^^^^^^^^^^^^^^^^^^^^^^^^^^^^^^^^^^^^^^^
  File "passenger_wsgi.py", line 13, in load_source
    loader.exec_module(module)
  File "<frozen importlib._bootstrap_external>", line 999, in exec_module
  File "<frozen importlib._bootstrap>", line 488, in _call_with_frames_removed
  File "passenger_wsgi.py", line 16, in <module>
    wsgi = load_source('wsgi', 'passenger_wsgi.py')
           ^^^^^^^^^^^^^^^^^^^^^^^^^^^^^^^^^^^^^^^^
  File "passenger_wsgi.py", line 13, in load_source
    loader.exec_module(module)
  File "<frozen importlib._bootstrap_external>", line 999, in exec_module
  File "<frozen importlib._bootstrap>", line 488, in _call_with_frames_removed
  File "passenger_wsgi.py", line 16, in <module>
    wsgi = load_source('wsgi', 'passenger_wsgi.py')
           ^^^^^^^^^^^^^^^^^^^^^^^^^^^^^^^^^^^^^^^^
  File "passenger_wsgi.py", line 13, in load_source
    loader.exec_module(module)
  File "<frozen importlib._bootstrap_external>", line 999, in exec_module
  File "<frozen importlib._bootstrap>", line 488, in _call_with_frames_removed
  File "passenger_wsgi.py", line 16, in <module>
    wsgi = load_source('wsgi', 'passenger_wsgi.py')
           ^^^^^^^^^^^^^^^^^^^^^^^^^^^^^^^^^^^^^^^^
  File "passenger_wsgi.py", line 13, in load_source
    loader.exec_module(module)
  File "<frozen importlib._bootstrap_external>", line 999, in exec_module
  File "<frozen importlib._bootstrap>", line 488, in _call_with_frames_removed
  File "passenger_wsgi.py", line 16, in <module>
    wsgi = load_source('wsgi', 'passenger_wsgi.py')
           ^^^^^^^^^^^^^^^^^^^^^^^^^^^^^^^^^^^^^^^^
  File "passenger_wsgi.py", line 13, in load_source
    loader.exec_module(module)
  File "<frozen importlib._bootstrap_external>", line 999, in exec_module
  File "<frozen importlib._bootstrap>", line 488, in _call_with_frames_removed
  File "passenger_wsgi.py", line 16, in <module>
    wsgi = load_source('wsgi', 'passenger_wsgi.py')
           ^^^^^^^^^^^^^^^^^^^^^^^^^^^^^^^^^^^^^^^^
  File "passenger_wsgi.py", line 13, in load_source
    loader.exec_module(module)
  File "<frozen importlib._bootstrap_external>", line 999, in exec_module
  File "<frozen importlib._bootstrap>", line 488, in _call_with_frames_removed
  File "passenger_wsgi.py", line 16, in <module>
    wsgi = load_source('wsgi', 'passenger_wsgi.py')
           ^^^^^^^^^^^^^^^^^^^^^^^^^^^^^^^^^^^^^^^^
  File "passenger_wsgi.py", line 13, in load_source
    loader.exec_module(module)
  File "<frozen importlib._bootstrap_external>", line 999, in exec_module
  File "<frozen importlib._bootstrap>", line 488, in _call_with_frames_removed
  File "passenger_wsgi.py", line 16, in <module>
    wsgi = load_source('wsgi', 'passenger_wsgi.py')
           ^^^^^^^^^^^^^^^^^^^^^^^^^^^^^^^^^^^^^^^^
  File "passenger_wsgi.py", line 13, in load_source
    loader.exec_module(module)
  File "<frozen importlib._bootstrap_external>", line 999, in exec_module
  File "<frozen importlib._bootstrap>", line 488, in _call_with_frames_removed
  File "passenger_wsgi.py", line 16, in <module>
    wsgi = load_source('wsgi', 'passenger_wsgi.py')
           ^^^^^^^^^^^^^^^^^^^^^^^^^^^^^^^^^^^^^^^^
  File "passenger_wsgi.py", line 13, in load_source
    loader.exec_module(module)
  File "<frozen importlib._bootstrap_external>", line 999, in exec_module
  File "<frozen importlib._bootstrap>", line 488, in _call_with_frames_removed
  File "passenger_wsgi.py", line 16, in <module>
    wsgi = load_source('wsgi', 'passenger_wsgi.py')
           ^^^^^^^^^^^^^^^^^^^^^^^^^^^^^^^^^^^^^^^^
  File "passenger_wsgi.py", line 13, in load_source
    loader.exec_module(module)
  File "<frozen importlib._bootstrap_external>", line 999, in exec_module
  File "<frozen importlib._bootstrap>", line 488, in _call_with_frames_removed
  File "passenger_wsgi.py", line 16, in <module>
    wsgi = load_source('wsgi', 'passenger_wsgi.py')
           ^^^^^^^^^^^^^^^^^^^^^^^^^^^^^^^^^^^^^^^^
  File "passenger_wsgi.py", line 13, in load_source
    loader.exec_module(module)
  File "<frozen importlib._bootstrap_external>", line 999, in exec_module
  File "<frozen importlib._bootstrap>", line 488, in _call_with_frames_removed
  File "passenger_wsgi.py", line 16, in <module>
    wsgi = load_source('wsgi', 'passenger_wsgi.py')
           ^^^^^^^^^^^^^^^^^^^^^^^^^^^^^^^^^^^^^^^^
  File "passenger_wsgi.py", line 13, in load_source
    loader.exec_module(module)
  File "<frozen importlib._bootstrap_external>", line 999, in exec_module
  File "<frozen importlib._bootstrap>", line 488, in _call_with_frames_removed
  File "passenger_wsgi.py", line 16, in <module>
    wsgi = load_source('wsgi', 'passenger_wsgi.py')
           ^^^^^^^^^^^^^^^^^^^^^^^^^^^^^^^^^^^^^^^^
  File "passenger_wsgi.py", line 13, in load_source
    loader.exec_module(module)
  File "<frozen importlib._bootstrap_external>", line 999, in exec_module
  File "<frozen importlib._bootstrap>", line 488, in _call_with_frames_removed
  File "passenger_wsgi.py", line 16, in <module>
    wsgi = load_source('wsgi', 'passenger_wsgi.py')
           ^^^^^^^^^^^^^^^^^^^^^^^^^^^^^^^^^^^^^^^^
  File "passenger_wsgi.py", line 13, in load_source
    loader.exec_module(module)
  File "<frozen importlib._bootstrap_external>", line 999, in exec_module
  File "<frozen importlib._bootstrap>", line 488, in _call_with_frames_removed
  File "passenger_wsgi.py", line 16, in <module>
    wsgi = load_source('wsgi', 'passenger_wsgi.py')
           ^^^^^^^^^^^^^^^^^^^^^^^^^^^^^^^^^^^^^^^^
  File "passenger_wsgi.py", line 13, in load_source
    loader.exec_module(module)
  File "<frozen importlib._bootstrap_external>", line 999, in exec_module
  File "<frozen importlib._bootstrap>", line 488, in _call_with_frames_removed
  File "passenger_wsgi.py", line 16, in <module>
    wsgi = load_source('wsgi', 'passenger_wsgi.py')
           ^^^^^^^^^^^^^^^^^^^^^^^^^^^^^^^^^^^^^^^^
  File "passenger_wsgi.py", line 13, in load_source
    loader.exec_module(module)
  File "<frozen importlib._bootstrap_external>", line 999, in exec_module
  File "<frozen importlib._bootstrap>", line 488, in _call_with_frames_removed
  File "passenger_wsgi.py", line 16, in <module>
    wsgi = load_source('wsgi', 'passenger_wsgi.py')
           ^^^^^^^^^^^^^^^^^^^^^^^^^^^^^^^^^^^^^^^^
  File "passenger_wsgi.py", line 13, in load_source
    loader.exec_module(module)
  File "<frozen importlib._bootstrap_external>", line 999, in exec_module
  File "<frozen importlib._bootstrap>", line 488, in _call_with_frames_removed
  File "passenger_wsgi.py", line 16, in <module>
    wsgi = load_source('wsgi', 'passenger_wsgi.py')
           ^^^^^^^^^^^^^^^^^^^^^^^^^^^^^^^^^^^^^^^^
  File "passenger_wsgi.py", line 13, in load_source
    loader.exec_module(module)
  File "<frozen importlib._bootstrap_external>", line 999, in exec_module
  File "<frozen importlib._bootstrap>", line 488, in _call_with_frames_removed
  File "passenger_wsgi.py", line 16, in <module>
    wsgi = load_source('wsgi', 'passenger_wsgi.py')
           ^^^^^^^^^^^^^^^^^^^^^^^^^^^^^^^^^^^^^^^^
  File "passenger_wsgi.py", line 13, in load_source
    loader.exec_module(module)
  File "<frozen importlib._bootstrap_external>", line 999, in exec_module
  File "<frozen importlib._bootstrap>", line 488, in _call_with_frames_removed
  File "passenger_wsgi.py", line 16, in <module>
    wsgi = load_source('wsgi', 'passenger_wsgi.py')
           ^^^^^^^^^^^^^^^^^^^^^^^^^^^^^^^^^^^^^^^^
  File "passenger_wsgi.py", line 13, in load_source
    loader.exec_module(module)
  File "<frozen importlib._bootstrap_external>", line 999, in exec_module
  File "<frozen importlib._bootstrap>", line 488, in _call_with_frames_removed
  File "passenger_wsgi.py", line 16, in <module>
    wsgi = load_source('wsgi', 'passenger_wsgi.py')
           ^^^^^^^^^^^^^^^^^^^^^^^^^^^^^^^^^^^^^^^^
  File "passenger_wsgi.py", line 13, in load_source
    loader.exec_module(module)
  File "<frozen importlib._bootstrap_external>", line 999, in exec_module
  File "<frozen importlib._bootstrap>", line 488, in _call_with_frames_removed
  File "passenger_wsgi.py", line 16, in <module>
    wsgi = load_source('wsgi', 'passenger_wsgi.py')
           ^^^^^^^^^^^^^^^^^^^^^^^^^^^^^^^^^^^^^^^^
  File "passenger_wsgi.py", line 13, in load_source
    loader.exec_module(module)
  File "<frozen importlib._bootstrap_external>", line 999, in exec_module
  File "<frozen importlib._bootstrap>", line 488, in _call_with_frames_removed
  File "passenger_wsgi.py", line 16, in <module>
    wsgi = load_source('wsgi', 'passenger_wsgi.py')
           ^^^^^^^^^^^^^^^^^^^^^^^^^^^^^^^^^^^^^^^^
  File "passenger_wsgi.py", line 13, in load_source
    loader.exec_module(module)
  File "<frozen importlib._bootstrap_external>", line 999, in exec_module
  File "<frozen importlib._bootstrap>", line 488, in _call_with_frames_removed
  File "passenger_wsgi.py", line 16, in <module>
    wsgi = load_source('wsgi', 'passenger_wsgi.py')
           ^^^^^^^^^^^^^^^^^^^^^^^^^^^^^^^^^^^^^^^^
  File "passenger_wsgi.py", line 13, in load_source
    loader.exec_module(module)
  File "<frozen importlib._bootstrap_external>", line 999, in exec_module
  File "<frozen importlib._bootstrap>", line 488, in _call_with_frames_removed
  File "passenger_wsgi.py", line 16, in <module>
    wsgi = load_source('wsgi', 'passenger_wsgi.py')
           ^^^^^^^^^^^^^^^^^^^^^^^^^^^^^^^^^^^^^^^^
  File "passenger_wsgi.py", line 13, in load_source
    loader.exec_module(module)
  File "<frozen importlib._bootstrap_external>", line 999, in exec_module
  File "<frozen importlib._bootstrap>", line 488, in _call_with_frames_removed
  File "passenger_wsgi.py", line 16, in <module>
    wsgi = load_source('wsgi', 'passenger_wsgi.py')
           ^^^^^^^^^^^^^^^^^^^^^^^^^^^^^^^^^^^^^^^^
  File "passenger_wsgi.py", line 13, in load_source
    loader.exec_module(module)
  File "<frozen importlib._bootstrap_external>", line 999, in exec_module
  File "<frozen importlib._bootstrap>", line 488, in _call_with_frames_removed
  File "passenger_wsgi.py", line 16, in <module>
    wsgi = load_source('wsgi', 'passenger_wsgi.py')
           ^^^^^^^^^^^^^^^^^^^^^^^^^^^^^^^^^^^^^^^^
  File "passenger_wsgi.py", line 13, in load_source
    loader.exec_module(module)
  File "<frozen importlib._bootstrap_external>", line 999, in exec_module
  File "<frozen importlib._bootstrap>", line 488, in _call_with_frames_removed
  File "passenger_wsgi.py", line 16, in <module>
    wsgi = load_source('wsgi', 'passenger_wsgi.py')
           ^^^^^^^^^^^^^^^^^^^^^^^^^^^^^^^^^^^^^^^^
  File "passenger_wsgi.py", line 13, in load_source
    loader.exec_module(module)
  File "<frozen importlib._bootstrap_external>", line 999, in exec_module
  File "<frozen importlib._bootstrap>", line 488, in _call_with_frames_removed
  File "passenger_wsgi.py", line 16, in <module>
    wsgi = load_source('wsgi', 'passenger_wsgi.py')
           ^^^^^^^^^^^^^^^^^^^^^^^^^^^^^^^^^^^^^^^^
  File "passenger_wsgi.py", line 13, in load_source
    loader.exec_module(module)
  File "<frozen importlib._bootstrap_external>", line 999, in exec_module
  File "<frozen importlib._bootstrap>", line 488, in _call_with_frames_removed
  File "passenger_wsgi.py", line 16, in <module>
    wsgi = load_source('wsgi', 'passenger_wsgi.py')
           ^^^^^^^^^^^^^^^^^^^^^^^^^^^^^^^^^^^^^^^^
  File "passenger_wsgi.py", line 13, in load_source
    loader.exec_module(module)
  File "<frozen importlib._bootstrap_external>", line 999, in exec_module
  File "<frozen importlib._bootstrap>", line 488, in _call_with_frames_removed
  File "passenger_wsgi.py", line 16, in <module>
    wsgi = load_source('wsgi', 'passenger_wsgi.py')
           ^^^^^^^^^^^^^^^^^^^^^^^^^^^^^^^^^^^^^^^^
  File "passenger_wsgi.py", line 13, in load_source
    loader.exec_module(module)
  File "<frozen importlib._bootstrap_external>", line 999, in exec_module
  File "<frozen importlib._bootstrap>", line 488, in _call_with_frames_removed
  File "passenger_wsgi.py", line 16, in <module>
    wsgi = load_source('wsgi', 'passenger_wsgi.py')
           ^^^^^^^^^^^^^^^^^^^^^^^^^^^^^^^^^^^^^^^^
  File "passenger_wsgi.py", line 13, in load_source
    loader.exec_module(module)
  File "<frozen importlib._bootstrap_external>", line 999, in exec_module
  File "<frozen importlib._bootstrap>", line 488, in _call_with_frames_removed
  File "passenger_wsgi.py", line 16, in <module>
    wsgi = load_source('wsgi', 'passenger_wsgi.py')
           ^^^^^^^^^^^^^^^^^^^^^^^^^^^^^^^^^^^^^^^^
  File "passenger_wsgi.py", line 13, in load_source
    loader.exec_module(module)
  File "<frozen importlib._bootstrap_external>", line 999, in exec_module
  File "<frozen importlib._bootstrap>", line 488, in _call_with_frames_removed
  File "passenger_wsgi.py", line 16, in <module>
    wsgi = load_source('wsgi', 'passenger_wsgi.py')
           ^^^^^^^^^^^^^^^^^^^^^^^^^^^^^^^^^^^^^^^^
  File "passenger_wsgi.py", line 13, in load_source
    loader.exec_module(module)
  File "<frozen importlib._bootstrap_external>", line 999, in exec_module
  File "<frozen importlib._bootstrap>", line 488, in _call_with_frames_removed
  File "passenger_wsgi.py", line 16, in <module>
    wsgi = load_source('wsgi', 'passenger_wsgi.py')
           ^^^^^^^^^^^^^^^^^^^^^^^^^^^^^^^^^^^^^^^^
  File "passenger_wsgi.py", line 13, in load_source
    loader.exec_module(module)
  File "<frozen importlib._bootstrap_external>", line 999, in exec_module
  File "<frozen importlib._bootstrap>", line 488, in _call_with_frames_removed
  File "passenger_wsgi.py", line 16, in <module>
    wsgi = load_source('wsgi', 'passenger_wsgi.py')
           ^^^^^^^^^^^^^^^^^^^^^^^^^^^^^^^^^^^^^^^^
  File "passenger_wsgi.py", line 13, in load_source
    loader.exec_module(module)
  File "<frozen importlib._bootstrap_external>", line 999, in exec_module
  File "<frozen importlib._bootstrap>", line 488, in _call_with_frames_removed
  File "passenger_wsgi.py", line 16, in <module>
    wsgi = load_source('wsgi', 'passenger_wsgi.py')
           ^^^^^^^^^^^^^^^^^^^^^^^^^^^^^^^^^^^^^^^^
  File "passenger_wsgi.py", line 13, in load_source
    loader.exec_module(module)
  File "<frozen importlib._bootstrap_external>", line 999, in exec_module
  File "<frozen importlib._bootstrap>", line 488, in _call_with_frames_removed
  File "passenger_wsgi.py", line 16, in <module>
    wsgi = load_source('wsgi', 'passenger_wsgi.py')
           ^^^^^^^^^^^^^^^^^^^^^^^^^^^^^^^^^^^^^^^^
  File "passenger_wsgi.py", line 13, in load_source
    loader.exec_module(module)
  File "<frozen importlib._bootstrap_external>", line 999, in exec_module
  File "<frozen importlib._bootstrap>", line 488, in _call_with_frames_removed
  File "passenger_wsgi.py", line 16, in <module>
    wsgi = load_source('wsgi', 'passenger_wsgi.py')
           ^^^^^^^^^^^^^^^^^^^^^^^^^^^^^^^^^^^^^^^^
  File "passenger_wsgi.py", line 13, in load_source
    loader.exec_module(module)
  File "<frozen importlib._bootstrap_external>", line 999, in exec_module
  File "<frozen importlib._bootstrap>", line 488, in _call_with_frames_removed
  File "passenger_wsgi.py", line 16, in <module>
    wsgi = load_source('wsgi', 'passenger_wsgi.py')
           ^^^^^^^^^^^^^^^^^^^^^^^^^^^^^^^^^^^^^^^^
  File "passenger_wsgi.py", line 13, in load_source
    loader.exec_module(module)
  File "<frozen importlib._bootstrap_external>", line 999, in exec_module
  File "<frozen importlib._bootstrap>", line 488, in _call_with_frames_removed
  File "passenger_wsgi.py", line 16, in <module>
    wsgi = load_source('wsgi', 'passenger_wsgi.py')
           ^^^^^^^^^^^^^^^^^^^^^^^^^^^^^^^^^^^^^^^^
  File "passenger_wsgi.py", line 13, in load_source
    loader.exec_module(module)
  File "<frozen importlib._bootstrap_external>", line 999, in exec_module
  File "<frozen importlib._bootstrap>", line 488, in _call_with_frames_removed
  File "passenger_wsgi.py", line 16, in <module>
    wsgi = load_source('wsgi', 'passenger_wsgi.py')
           ^^^^^^^^^^^^^^^^^^^^^^^^^^^^^^^^^^^^^^^^
  File "passenger_wsgi.py", line 13, in load_source
    loader.exec_module(module)
  File "<frozen importlib._bootstrap_external>", line 999, in exec_module
  File "<frozen importlib._bootstrap>", line 488, in _call_with_frames_removed
  File "passenger_wsgi.py", line 16, in <module>
    wsgi = load_source('wsgi', 'passenger_wsgi.py')
           ^^^^^^^^^^^^^^^^^^^^^^^^^^^^^^^^^^^^^^^^
  File "passenger_wsgi.py", line 13, in load_source
    loader.exec_module(module)
  File "<frozen importlib._bootstrap_external>", line 999, in exec_module
  File "<frozen importlib._bootstrap>", line 488, in _call_with_frames_removed
  File "passenger_wsgi.py", line 16, in <module>
    wsgi = load_source('wsgi', 'passenger_wsgi.py')
           ^^^^^^^^^^^^^^^^^^^^^^^^^^^^^^^^^^^^^^^^
  File "passenger_wsgi.py", line 13, in load_source
    loader.exec_module(module)
  File "<frozen importlib._bootstrap_external>", line 999, in exec_module
  File "<frozen importlib._bootstrap>", line 488, in _call_with_frames_removed
  File "passenger_wsgi.py", line 16, in <module>
    wsgi = load_source('wsgi', 'passenger_wsgi.py')
           ^^^^^^^^^^^^^^^^^^^^^^^^^^^^^^^^^^^^^^^^
  File "passenger_wsgi.py", line 13, in load_source
    loader.exec_module(module)
  File "<frozen importlib._bootstrap_external>", line 999, in exec_module
  File "<frozen importlib._bootstrap>", line 488, in _call_with_frames_removed
  File "passenger_wsgi.py", line 16, in <module>
    wsgi = load_source('wsgi', 'passenger_wsgi.py')
           ^^^^^^^^^^^^^^^^^^^^^^^^^^^^^^^^^^^^^^^^
  File "passenger_wsgi.py", line 12, in load_source
    module = importlib.util.module_from_spec(spec)
             ^^^^^^^^^^^^^^^^^^^^^^^^^^^^^^^^^^^^^
  File "<frozen importlib._bootstrap>", line 819, in module_from_spec
  File "<frozen importlib._bootstrap>", line 798, in _init_module_attrs
  File "<frozen importlib._bootstrap>", line 638, in cached
  File "<frozen importlib._bootstrap_external>", line 618, in _get_cached
  File "<frozen importlib._bootstrap_external>", line 512, in cache_from_source
  File "<frozen importlib._bootstrap_external>", line 134, in _path_split
RecursionError: maximum recursion depth exceeded
[UID:1488][634210] Child process with pid: 634216 was killed by signal: 15, core dumped: no
Traceback (most recent call last):
  File "/home/axa/public_html/jinja/passenger_wsgi.py", line 10, in <module>
    from app import app as application
  File "/home/axa/public_html/jinja/app.py", line 1, in <module>
    from flask import Flask, url_for, render_template, redirect, session, request
ModuleNotFoundError: No module named 'flask'
Traceback (most recent call last):
  File "/home/axa/public_html/jinja/passenger_wsgi.py", line 10, in <module>
    from app import app as application
  File "/home/axa/public_html/jinja/app.py", line 1, in <module>
    from flask import Flask, url_for, render_template, redirect, session, request
ModuleNotFoundError: No module named 'flask'
[UID:1488][657411] Child process with pid: 657416 was killed by signal: 15, core dumped: no
Traceback (most recent call last):
  File "/home/axa/public_html/jinja/passenger_wsgi.py", line 10, in <module>
    from app import app as application
  File "/home/axa/public_html/jinja/app.py", line 1, in <module>
    from flask import Flask, url_for, render_template, redirect, session, request
ModuleNotFoundError: No module named 'flask'
Traceback (most recent call last):
  File "/home/axa/public_html/jinja/passenger_wsgi.py", line 10, in <module>
    from app import app as application
  File "/home/axa/public_html/jinja/app.py", line 1, in <module>
    from flask import Flask, url_for, render_template, redirect, session, request
ModuleNotFoundError: No module named 'flask'
[UID:1488][661266] Child process with pid: 661275 was killed by signal: 15, core dumped: no
Traceback (most recent call last):
  File "/home/axa/public_html/jinja/passenger_wsgi.py", line 10, in <module>
    from app import app as application
  File "/home/axa/public_html/jinja/app.py", line 1, in <module>
    from flask import Flask, url_for, render_template, redirect, session, request
ModuleNotFoundError: No module named 'flask'
Traceback (most recent call last):
  File "/home/axa/public_html/jinja/passenger_wsgi.py", line 10, in <module>
    from app import app as application
  File "/home/axa/public_html/jinja/app.py", line 1, in <module>
    from flask import Flask, url_for, render_template, redirect, session, request
ModuleNotFoundError: No module named 'flask'
[UID:1488][700056] Child process with pid: 700064 was killed by signal: 15, core dumped: no
Traceback (most recent call last):
  File "/home/axa/public_html/jinja/passenger_wsgi.py", line 10, in <module>
    from app import app as application
  File "/home/axa/public_html/jinja/app.py", line 1, in <module>
    from flask import Flask, url_for, render_template, redirect, session, request
ModuleNotFoundError: No module named 'flask'
Traceback (most recent call last):
  File "/home/axa/public_html/jinja/passenger_wsgi.py", line 10, in <module>
    from app import app as application
  File "/home/axa/public_html/jinja/app.py", line 1, in <module>
    from flask import Flask, url_for, render_template, redirect, session, request
ModuleNotFoundError: No module named 'flask'
[UID:1488][714765] Child process with pid: 714772 was killed by signal: 15, core dumped: no
Traceback (most recent call last):
  File "/home/axa/public_html/jinja/passenger_wsgi.py", line 10, in <module>
    from app import app as application
  File "/home/axa/public_html/jinja/app.py", line 1, in <module>
    from flask import Flask, url_for, render_template, redirect, session, request
ModuleNotFoundError: No module named 'flask'
Traceback (most recent call last):
  File "/home/axa/public_html/jinja/passenger_wsgi.py", line 10, in <module>
    from app import app as application
  File "/home/axa/public_html/jinja/app.py", line 1, in <module>
    from flask import Flask, url_for, render_template, redirect, session, request
ModuleNotFoundError: No module named 'flask'
[UID:1488][727601] Child process with pid: 727606 was killed by signal: 15, core dumped: no
Traceback (most recent call last):
  File "/home/axa/public_html/jinja/passenger_wsgi.py", line 10, in <module>
    from app import app as application
  File "/home/axa/public_html/jinja/app.py", line 1, in <module>
    from flask import Flask, url_for, render_template, redirect, session, request
ModuleNotFoundError: No module named 'flask'
Traceback (most recent call last):
  File "/home/axa/public_html/jinja/passenger_wsgi.py", line 10, in <module>
    from app import app as application
  File "/home/axa/public_html/jinja/app.py", line 1, in <module>
    from flask import Flask, url_for, render_template, redirect, session, request
ModuleNotFoundError: No module named 'flask'
[UID:1488][728582] Child process with pid: 728590 was killed by signal: 15, core dumped: no
Traceback (most recent call last):
  File "/home/axa/public_html/jinja/passenger_wsgi.py", line 10, in <module>
    from app import app as application
  File "/home/axa/public_html/jinja/app.py", line 1, in <module>
    from flask import Flask, url_for, render_template, redirect, session, request
ModuleNotFoundError: No module named 'flask'
[UID:1488][728582] Child process with pid: 728616 was killed by signal: 15, core dumped: no
[2026-05-18 13:10:40,558] ERROR in app: Exception on /jinja/Pagina_Principal [GET]
Traceback (most recent call last):
  File "/home/axa/virtualenv/public_html/jinja/3.12/lib/python3.12/site-packages/flask/app.py", line 1511, in wsgi_app
    response = self.full_dispatch_request()
               ^^^^^^^^^^^^^^^^^^^^^^^^^^^^
  File "/home/axa/virtualenv/public_html/jinja/3.12/lib/python3.12/site-packages/flask/app.py", line 919, in full_dispatch_request
    rv = self.handle_user_exception(e)
         ^^^^^^^^^^^^^^^^^^^^^^^^^^^^^
  File "/home/axa/virtualenv/public_html/jinja/3.12/lib/python3.12/site-packages/flask/app.py", line 917, in full_dispatch_request
    rv = self.dispatch_request()
         ^^^^^^^^^^^^^^^^^^^^^^^
  File "/home/axa/virtualenv/public_html/jinja/3.12/lib/python3.12/site-packages/flask/app.py", line 902, in dispatch_request
    return self.ensure_sync(self.view_functions[rule.endpoint])(**view_args)  # type: ignore[no-any-return]
           ^^^^^^^^^^^^^^^^^^^^^^^^^^^^^^^^^^^^^^^^^^^^^^^^^^^^^^^^^^^^^^^^^
  File "/home/axa/public_html/jinja/app.py", line 24, in index
    return render_template("index.html")
           ^^^^^^^^^^^^^^^^^^^^^^^^^^^^^
  File "/home/axa/virtualenv/public_html/jinja/3.12/lib/python3.12/site-packages/flask/templating.py", line 151, in render_template
    return _render(app, template, context)
           ^^^^^^^^^^^^^^^^^^^^^^^^^^^^^^^
  File "/home/axa/virtualenv/public_html/jinja/3.12/lib/python3.12/site-packages/flask/templating.py", line 132, in _render
    rv = template.render(context)
         ^^^^^^^^^^^^^^^^^^^^^^^^
  File "/home/axa/virtualenv/public_html/jinja/3.12/lib/python3.12/site-packages/jinja2/environment.py", line 1295, in render
    self.environment.handle_exception()
  File "/home/axa/virtualenv/public_html/jinja/3.12/lib/python3.12/site-packages/jinja2/environment.py", line 942, in handle_exception
    raise rewrite_traceback_stack(source=source)
  File "/home/axa/public_html/jinja/templates/index.html", line 34, in top-level template code
    <a href="{{ url_for('resgitro') }}">Registrarse</a>
    ^^^^^^^^^^^^^^^^^^^^^^^^^
  File "/home/axa/virtualenv/public_html/jinja/3.12/lib/python3.12/site-packages/flask/app.py", line 1121, in url_for
    return self.handle_url_build_error(error, endpoint, values)
           ^^^^^^^^^^^^^^^^^^^^^^^^^^^^^^^^^^^^^^^^^^^^^^^^^^^^
  File "/home/axa/virtualenv/public_html/jinja/3.12/lib/python3.12/site-packages/flask/app.py", line 1110, in url_for
    rv = url_adapter.build(  # type: ignore[union-attr]
         ^^^^^^^^^^^^^^^^^^^^^^^^^^^^^^^^^^^^^^^^^^^^^^
  File "/home/axa/virtualenv/public_html/jinja/3.12/lib/python3.12/site-packages/werkzeug/routing/map.py", line 901, in build
    raise BuildError(endpoint, values, method, self)
werkzeug.routing.exceptions.BuildError: Could not build url for endpoint 'resgitro'. Did you mean 'registrar_cliente' instead?
[2026-05-18 13:15:52,462] ERROR in app: Exception on /jinja/Pagina_Principal [GET]
Traceback (most recent call last):
  File "/home/axa/virtualenv/public_html/jinja/3.12/lib/python3.12/site-packages/flask/app.py", line 1511, in wsgi_app
    response = self.full_dispatch_request()
               ^^^^^^^^^^^^^^^^^^^^^^^^^^^^
  File "/home/axa/virtualenv/public_html/jinja/3.12/lib/python3.12/site-packages/flask/app.py", line 919, in full_dispatch_request
    rv = self.handle_user_exception(e)
         ^^^^^^^^^^^^^^^^^^^^^^^^^^^^^
  File "/home/axa/virtualenv/public_html/jinja/3.12/lib/python3.12/site-packages/flask/app.py", line 917, in full_dispatch_request
    rv = self.dispatch_request()
         ^^^^^^^^^^^^^^^^^^^^^^^
  File "/home/axa/virtualenv/public_html/jinja/3.12/lib/python3.12/site-packages/flask/app.py", line 902, in dispatch_request
    return self.ensure_sync(self.view_functions[rule.endpoint])(**view_args)  # type: ignore[no-any-return]
           ^^^^^^^^^^^^^^^^^^^^^^^^^^^^^^^^^^^^^^^^^^^^^^^^^^^^^^^^^^^^^^^^^
  File "/home/axa/public_html/jinja/app.py", line 24, in index
    return render_template("index.html")
           ^^^^^^^^^^^^^^^^^^^^^^^^^^^^^
  File "/home/axa/virtualenv/public_html/jinja/3.12/lib/python3.12/site-packages/flask/templating.py", line 151, in render_template
    return _render(app, template, context)
           ^^^^^^^^^^^^^^^^^^^^^^^^^^^^^^^
  File "/home/axa/virtualenv/public_html/jinja/3.12/lib/python3.12/site-packages/flask/templating.py", line 132, in _render
    rv = template.render(context)
         ^^^^^^^^^^^^^^^^^^^^^^^^
  File "/home/axa/virtualenv/public_html/jinja/3.12/lib/python3.12/site-packages/jinja2/environment.py", line 1295, in render
    self.environment.handle_exception()
  File "/home/axa/virtualenv/public_html/jinja/3.12/lib/python3.12/site-packages/jinja2/environment.py", line 942, in handle_exception
    raise rewrite_traceback_stack(source=source)
  File "/home/axa/public_html/jinja/templates/index.html", line 34, in top-level template code
    <a href="{{ url_for('resgitrar_cliente') }}">Registrarse</a>
    ^^^^^^^^^^^^^^^^^^^^^^^^^
  File "/home/axa/virtualenv/public_html/jinja/3.12/lib/python3.12/site-packages/flask/app.py", line 1121, in url_for
    return self.handle_url_build_error(error, endpoint, values)
           ^^^^^^^^^^^^^^^^^^^^^^^^^^^^^^^^^^^^^^^^^^^^^^^^^^^^
  File "/home/axa/virtualenv/public_html/jinja/3.12/lib/python3.12/site-packages/flask/app.py", line 1110, in url_for
    rv = url_adapter.build(  # type: ignore[union-attr]
         ^^^^^^^^^^^^^^^^^^^^^^^^^^^^^^^^^^^^^^^^^^^^^^
  File "/home/axa/virtualenv/public_html/jinja/3.12/lib/python3.12/site-packages/werkzeug/routing/map.py", line 901, in build
    raise BuildError(endpoint, values, method, self)
werkzeug.routing.exceptions.BuildError: Could not build url for endpoint 'resgitrar_cliente'. Did you mean 'registrar_cliente' instead?
[2026-05-18 13:15:58,979] ERROR in app: Exception on /jinja/Pagina_Principal [GET]
Traceback (most recent call last):
  File "/home/axa/virtualenv/public_html/jinja/3.12/lib/python3.12/site-packages/flask/app.py", line 1511, in wsgi_app
    response = self.full_dispatch_request()
               ^^^^^^^^^^^^^^^^^^^^^^^^^^^^
  File "/home/axa/virtualenv/public_html/jinja/3.12/lib/python3.12/site-packages/flask/app.py", line 919, in full_dispatch_request
    rv = self.handle_user_exception(e)
         ^^^^^^^^^^^^^^^^^^^^^^^^^^^^^
  File "/home/axa/virtualenv/public_html/jinja/3.12/lib/python3.12/site-packages/flask/app.py", line 917, in full_dispatch_request
    rv = self.dispatch_request()
         ^^^^^^^^^^^^^^^^^^^^^^^
  File "/home/axa/virtualenv/public_html/jinja/3.12/lib/python3.12/site-packages/flask/app.py", line 902, in dispatch_request
    return self.ensure_sync(self.view_functions[rule.endpoint])(**view_args)  # type: ignore[no-any-return]
           ^^^^^^^^^^^^^^^^^^^^^^^^^^^^^^^^^^^^^^^^^^^^^^^^^^^^^^^^^^^^^^^^^
  File "/home/axa/public_html/jinja/app.py", line 24, in index
    return render_template("index.html")
           ^^^^^^^^^^^^^^^^^^^^^^^^^^^^^
  File "/home/axa/virtualenv/public_html/jinja/3.12/lib/python3.12/site-packages/flask/templating.py", line 151, in render_template
    return _render(app, template, context)
           ^^^^^^^^^^^^^^^^^^^^^^^^^^^^^^^
  File "/home/axa/virtualenv/public_html/jinja/3.12/lib/python3.12/site-packages/flask/templating.py", line 132, in _render
    rv = template.render(context)
         ^^^^^^^^^^^^^^^^^^^^^^^^
  File "/home/axa/virtualenv/public_html/jinja/3.12/lib/python3.12/site-packages/jinja2/environment.py", line 1295, in render
    self.environment.handle_exception()
  File "/home/axa/virtualenv/public_html/jinja/3.12/lib/python3.12/site-packages/jinja2/environment.py", line 942, in handle_exception
    raise rewrite_traceback_stack(source=source)
  File "/home/axa/public_html/jinja/templates/index.html", line 34, in top-level template code
    <a href="{{ url_for('resgitrar_cliente') }}">Registrarse</a>
    ^^^^^^^^^^^^^^^^^^^^^^^^^
  File "/home/axa/virtualenv/public_html/jinja/3.12/lib/python3.12/site-packages/flask/app.py", line 1121, in url_for
    return self.handle_url_build_error(error, endpoint, values)
           ^^^^^^^^^^^^^^^^^^^^^^^^^^^^^^^^^^^^^^^^^^^^^^^^^^^^
  File "/home/axa/virtualenv/public_html/jinja/3.12/lib/python3.12/site-packages/flask/app.py", line 1110, in url_for
    rv = url_adapter.build(  # type: ignore[union-attr]
         ^^^^^^^^^^^^^^^^^^^^^^^^^^^^^^^^^^^^^^^^^^^^^^
  File "/home/axa/virtualenv/public_html/jinja/3.12/lib/python3.12/site-packages/werkzeug/routing/map.py", line 901, in build
    raise BuildError(endpoint, values, method, self)
werkzeug.routing.exceptions.BuildError: Could not build url for endpoint 'resgitrar_cliente'. Did you mean 'registrar_cliente' instead?
[2026-05-18 13:16:31,740] ERROR in app: Exception on /jinja/Pagina_Principal [GET]
Traceback (most recent call last):
  File "/home/axa/virtualenv/public_html/jinja/3.12/lib/python3.12/site-packages/flask/app.py", line 1511, in wsgi_app
    response = self.full_dispatch_request()
               ^^^^^^^^^^^^^^^^^^^^^^^^^^^^
  File "/home/axa/virtualenv/public_html/jinja/3.12/lib/python3.12/site-packages/flask/app.py", line 919, in full_dispatch_request
    rv = self.handle_user_exception(e)
         ^^^^^^^^^^^^^^^^^^^^^^^^^^^^^
  File "/home/axa/virtualenv/public_html/jinja/3.12/lib/python3.12/site-packages/flask/app.py", line 917, in full_dispatch_request
    rv = self.dispatch_request()
         ^^^^^^^^^^^^^^^^^^^^^^^
  File "/home/axa/virtualenv/public_html/jinja/3.12/lib/python3.12/site-packages/flask/app.py", line 902, in dispatch_request
    return self.ensure_sync(self.view_functions[rule.endpoint])(**view_args)  # type: ignore[no-any-return]
           ^^^^^^^^^^^^^^^^^^^^^^^^^^^^^^^^^^^^^^^^^^^^^^^^^^^^^^^^^^^^^^^^^
  File "/home/axa/public_html/jinja/app.py", line 24, in index
    return render_template("index.html")
           ^^^^^^^^^^^^^^^^^^^^^^^^^^^^^
  File "/home/axa/virtualenv/public_html/jinja/3.12/lib/python3.12/site-packages/flask/templating.py", line 151, in render_template
    return _render(app, template, context)
           ^^^^^^^^^^^^^^^^^^^^^^^^^^^^^^^
  File "/home/axa/virtualenv/public_html/jinja/3.12/lib/python3.12/site-packages/flask/templating.py", line 132, in _render
    rv = template.render(context)
         ^^^^^^^^^^^^^^^^^^^^^^^^
  File "/home/axa/virtualenv/public_html/jinja/3.12/lib/python3.12/site-packages/jinja2/environment.py", line 1295, in render
    self.environment.handle_exception()
  File "/home/axa/virtualenv/public_html/jinja/3.12/lib/python3.12/site-packages/jinja2/environment.py", line 942, in handle_exception
    raise rewrite_traceback_stack(source=source)
  File "/home/axa/public_html/jinja/templates/index.html", line 34, in top-level template code
    <a href="{{ url_for('resgitrar_cliente') }}">Registrarse</a>
    ^^^^^^^^^^^^^^^^^^^^^^^^^
  File "/home/axa/virtualenv/public_html/jinja/3.12/lib/python3.12/site-packages/flask/app.py", line 1121, in url_for
    return self.handle_url_build_error(error, endpoint, values)
           ^^^^^^^^^^^^^^^^^^^^^^^^^^^^^^^^^^^^^^^^^^^^^^^^^^^^
  File "/home/axa/virtualenv/public_html/jinja/3.12/lib/python3.12/site-packages/flask/app.py", line 1110, in url_for
    rv = url_adapter.build(  # type: ignore[union-attr]
         ^^^^^^^^^^^^^^^^^^^^^^^^^^^^^^^^^^^^^^^^^^^^^^
  File "/home/axa/virtualenv/public_html/jinja/3.12/lib/python3.12/site-packages/werkzeug/routing/map.py", line 901, in build
    raise BuildError(endpoint, values, method, self)
werkzeug.routing.exceptions.BuildError: Could not build url for endpoint 'resgitrar_cliente'. Did you mean 'registrar_cliente' instead?
[2026-05-18 13:19:08,814] ERROR in app: Exception on /Pagina_Principal [GET]
Traceback (most recent call last):
  File "/home/axa/virtualenv/public_html/jinja/3.12/lib/python3.12/site-packages/flask/app.py", line 1511, in wsgi_app
    response = self.full_dispatch_request()
               ^^^^^^^^^^^^^^^^^^^^^^^^^^^^
  File "/home/axa/virtualenv/public_html/jinja/3.12/lib/python3.12/site-packages/flask/app.py", line 919, in full_dispatch_request
    rv = self.handle_user_exception(e)
         ^^^^^^^^^^^^^^^^^^^^^^^^^^^^^
  File "/home/axa/virtualenv/public_html/jinja/3.12/lib/python3.12/site-packages/flask/app.py", line 917, in full_dispatch_request
    rv = self.dispatch_request()
         ^^^^^^^^^^^^^^^^^^^^^^^
  File "/home/axa/virtualenv/public_html/jinja/3.12/lib/python3.12/site-packages/flask/app.py", line 902, in dispatch_request
    return self.ensure_sync(self.view_functions[rule.endpoint])(**view_args)  # type: ignore[no-any-return]
           ^^^^^^^^^^^^^^^^^^^^^^^^^^^^^^^^^^^^^^^^^^^^^^^^^^^^^^^^^^^^^^^^^
  File "/home/axa/public_html/jinja/app.py", line 21, in index
    return render_template("index.html")
           ^^^^^^^^^^^^^^^^^^^^^^^^^^^^^
  File "/home/axa/virtualenv/public_html/jinja/3.12/lib/python3.12/site-packages/flask/templating.py", line 151, in render_template
    return _render(app, template, context)
           ^^^^^^^^^^^^^^^^^^^^^^^^^^^^^^^
  File "/home/axa/virtualenv/public_html/jinja/3.12/lib/python3.12/site-packages/flask/templating.py", line 132, in _render
    rv = template.render(context)
         ^^^^^^^^^^^^^^^^^^^^^^^^
  File "/home/axa/virtualenv/public_html/jinja/3.12/lib/python3.12/site-packages/jinja2/environment.py", line 1295, in render
    self.environment.handle_exception()
  File "/home/axa/virtualenv/public_html/jinja/3.12/lib/python3.12/site-packages/jinja2/environment.py", line 942, in handle_exception
    raise rewrite_traceback_stack(source=source)
  File "/home/axa/public_html/jinja/templates/index.html", line 34, in top-level template code
    <a href="{{ url_for('resgitrar_cliente') }}">Registrarse</a>
    ^^^^^^^^^^^^^^^^^^^^^^^^^
  File "/home/axa/virtualenv/public_html/jinja/3.12/lib/python3.12/site-packages/flask/app.py", line 1121, in url_for
    return self.handle_url_build_error(error, endpoint, values)
           ^^^^^^^^^^^^^^^^^^^^^^^^^^^^^^^^^^^^^^^^^^^^^^^^^^^^
  File "/home/axa/virtualenv/public_html/jinja/3.12/lib/python3.12/site-packages/flask/app.py", line 1110, in url_for
    rv = url_adapter.build(  # type: ignore[union-attr]
         ^^^^^^^^^^^^^^^^^^^^^^^^^^^^^^^^^^^^^^^^^^^^^^
  File "/home/axa/virtualenv/public_html/jinja/3.12/lib/python3.12/site-packages/werkzeug/routing/map.py", line 901, in build
    raise BuildError(endpoint, values, method, self)
werkzeug.routing.exceptions.BuildError: Could not build url for endpoint 'resgitrar_cliente'. Did you mean 'registrar_cliente' instead?
[2026-05-18 13:19:11,704] ERROR in app: Exception on /Pagina_Principal [GET]
Traceback (most recent call last):
  File "/home/axa/virtualenv/public_html/jinja/3.12/lib/python3.12/site-packages/flask/app.py", line 1511, in wsgi_app
    response = self.full_dispatch_request()
               ^^^^^^^^^^^^^^^^^^^^^^^^^^^^
  File "/home/axa/virtualenv/public_html/jinja/3.12/lib/python3.12/site-packages/flask/app.py", line 919, in full_dispatch_request
    rv = self.handle_user_exception(e)
         ^^^^^^^^^^^^^^^^^^^^^^^^^^^^^
  File "/home/axa/virtualenv/public_html/jinja/3.12/lib/python3.12/site-packages/flask/app.py", line 917, in full_dispatch_request
    rv = self.dispatch_request()
         ^^^^^^^^^^^^^^^^^^^^^^^
  File "/home/axa/virtualenv/public_html/jinja/3.12/lib/python3.12/site-packages/flask/app.py", line 902, in dispatch_request
    return self.ensure_sync(self.view_functions[rule.endpoint])(**view_args)  # type: ignore[no-any-return]
           ^^^^^^^^^^^^^^^^^^^^^^^^^^^^^^^^^^^^^^^^^^^^^^^^^^^^^^^^^^^^^^^^^
  File "/home/axa/public_html/jinja/app.py", line 21, in index
    return render_template("index.html")
           ^^^^^^^^^^^^^^^^^^^^^^^^^^^^^
  File "/home/axa/virtualenv/public_html/jinja/3.12/lib/python3.12/site-packages/flask/templating.py", line 151, in render_template
    return _render(app, template, context)
           ^^^^^^^^^^^^^^^^^^^^^^^^^^^^^^^
  File "/home/axa/virtualenv/public_html/jinja/3.12/lib/python3.12/site-packages/flask/templating.py", line 132, in _render
    rv = template.render(context)
         ^^^^^^^^^^^^^^^^^^^^^^^^
  File "/home/axa/virtualenv/public_html/jinja/3.12/lib/python3.12/site-packages/jinja2/environment.py", line 1295, in render
    self.environment.handle_exception()
  File "/home/axa/virtualenv/public_html/jinja/3.12/lib/python3.12/site-packages/jinja2/environment.py", line 942, in handle_exception
    raise rewrite_traceback_stack(source=source)
  File "/home/axa/public_html/jinja/templates/index.html", line 34, in top-level template code
    <a href="{{ url_for('resgitrar_cliente') }}">Registrarse</a>
    ^^^^^^^^^^^^^^^^^^^^^^^^^
  File "/home/axa/virtualenv/public_html/jinja/3.12/lib/python3.12/site-packages/flask/app.py", line 1121, in url_for
    return self.handle_url_build_error(error, endpoint, values)
           ^^^^^^^^^^^^^^^^^^^^^^^^^^^^^^^^^^^^^^^^^^^^^^^^^^^^
  File "/home/axa/virtualenv/public_html/jinja/3.12/lib/python3.12/site-packages/flask/app.py", line 1110, in url_for
    rv = url_adapter.build(  # type: ignore[union-attr]
         ^^^^^^^^^^^^^^^^^^^^^^^^^^^^^^^^^^^^^^^^^^^^^^
  File "/home/axa/virtualenv/public_html/jinja/3.12/lib/python3.12/site-packages/werkzeug/routing/map.py", line 901, in build
    raise BuildError(endpoint, values, method, self)
werkzeug.routing.exceptions.BuildError: Could not build url for endpoint 'resgitrar_cliente'. Did you mean 'registrar_cliente' instead?
[2026-05-18 13:37:16,176] ERROR in app: Exception on /login [GET]
Traceback (most recent call last):
  File "/home/axa/virtualenv/public_html/jinja/3.12/lib/python3.12/site-packages/flask/app.py", line 1511, in wsgi_app
    response = self.full_dispatch_request()
               ^^^^^^^^^^^^^^^^^^^^^^^^^^^^
  File "/home/axa/virtualenv/public_html/jinja/3.12/lib/python3.12/site-packages/flask/app.py", line 919, in full_dispatch_request
    rv = self.handle_user_exception(e)
         ^^^^^^^^^^^^^^^^^^^^^^^^^^^^^
  File "/home/axa/virtualenv/public_html/jinja/3.12/lib/python3.12/site-packages/flask/app.py", line 917, in full_dispatch_request
    rv = self.dispatch_request()
         ^^^^^^^^^^^^^^^^^^^^^^^
  File "/home/axa/virtualenv/public_html/jinja/3.12/lib/python3.12/site-packages/flask/app.py", line 902, in dispatch_request
    return self.ensure_sync(self.view_functions[rule.endpoint])(**view_args)  # type: ignore[no-any-return]
           ^^^^^^^^^^^^^^^^^^^^^^^^^^^^^^^^^^^^^^^^^^^^^^^^^^^^^^^^^^^^^^^^^
  File "/home/axa/public_html/jinja/app.py", line 50, in login
    return render_template("login.html", mensaje = mensaje)
           ^^^^^^^^^^^^^^^^^^^^^^^^^^^^^^^^^^^^^^^^^^^^^^^^
  File "/home/axa/virtualenv/public_html/jinja/3.12/lib/python3.12/site-packages/flask/templating.py", line 150, in render_template
    template = app.jinja_env.get_or_select_template(template_name_or_list)
               ^^^^^^^^^^^^^^^^^^^^^^^^^^^^^^^^^^^^^^^^^^^^^^^^^^^^^^^^^^^
  File "/home/axa/virtualenv/public_html/jinja/3.12/lib/python3.12/site-packages/jinja2/environment.py", line 1087, in get_or_select_template
    return self.get_template(template_name_or_list, parent, globals)
           ^^^^^^^^^^^^^^^^^^^^^^^^^^^^^^^^^^^^^^^^^^^^^^^^^^^^^^^^^
  File "/home/axa/virtualenv/public_html/jinja/3.12/lib/python3.12/site-packages/jinja2/environment.py", line 1016, in get_template
    return self._load_template(name, globals)
           ^^^^^^^^^^^^^^^^^^^^^^^^^^^^^^^^^^
  File "/home/axa/virtualenv/public_html/jinja/3.12/lib/python3.12/site-packages/jinja2/environment.py", line 975, in _load_template
    template = self.loader.load(self, name, self.make_globals(globals))
               ^^^^^^^^^^^^^^^^^^^^^^^^^^^^^^^^^^^^^^^^^^^^^^^^^^^^^^^^
  File "/home/axa/virtualenv/public_html/jinja/3.12/lib/python3.12/site-packages/jinja2/loaders.py", line 126, in load
    source, filename, uptodate = self.get_source(environment, name)
                                 ^^^^^^^^^^^^^^^^^^^^^^^^^^^^^^^^^^
  File "/home/axa/virtualenv/public_html/jinja/3.12/lib/python3.12/site-packages/flask/templating.py", line 66, in get_source
    return self._get_source_fast(environment, template)
           ^^^^^^^^^^^^^^^^^^^^^^^^^^^^^^^^^^^^^^^^^^^^
  File "/home/axa/virtualenv/public_html/jinja/3.12/lib/python3.12/site-packages/flask/templating.py", line 100, in _get_source_fast
    raise TemplateNotFound(template)
jinja2.exceptions.TemplateNotFound: login.html
[2026-05-18 13:41:15,546] ERROR in app: Exception on /login [GET]
Traceback (most recent call last):
  File "/home/axa/virtualenv/public_html/jinja/3.12/lib/python3.12/site-packages/flask/app.py", line 1511, in wsgi_app
    response = self.full_dispatch_request()
               ^^^^^^^^^^^^^^^^^^^^^^^^^^^^
  File "/home/axa/virtualenv/public_html/jinja/3.12/lib/python3.12/site-packages/flask/app.py", line 919, in full_dispatch_request
    rv = self.handle_user_exception(e)
         ^^^^^^^^^^^^^^^^^^^^^^^^^^^^^
  File "/home/axa/virtualenv/public_html/jinja/3.12/lib/python3.12/site-packages/flask/app.py", line 917, in full_dispatch_request
    rv = self.dispatch_request()
         ^^^^^^^^^^^^^^^^^^^^^^^
  File "/home/axa/virtualenv/public_html/jinja/3.12/lib/python3.12/site-packages/flask/app.py", line 902, in dispatch_request
    return self.ensure_sync(self.view_functions[rule.endpoint])(**view_args)  # type: ignore[no-any-return]
           ^^^^^^^^^^^^^^^^^^^^^^^^^^^^^^^^^^^^^^^^^^^^^^^^^^^^^^^^^^^^^^^^^
  File "/home/axa/public_html/jinja/app.py", line 50, in login
    return render_template("Login.html", mensaje = mensaje)
           ^^^^^^^^^^^^^^^^^^^^^^^^^^^^^^^^^^^^^^^^^^^^^^^^
  File "/home/axa/virtualenv/public_html/jinja/3.12/lib/python3.12/site-packages/flask/templating.py", line 151, in render_template
    return _render(app, template, context)
           ^^^^^^^^^^^^^^^^^^^^^^^^^^^^^^^
  File "/home/axa/virtualenv/public_html/jinja/3.12/lib/python3.12/site-packages/flask/templating.py", line 132, in _render
    rv = template.render(context)
         ^^^^^^^^^^^^^^^^^^^^^^^^
  File "/home/axa/virtualenv/public_html/jinja/3.12/lib/python3.12/site-packages/jinja2/environment.py", line 1295, in render
    self.environment.handle_exception()
  File "/home/axa/virtualenv/public_html/jinja/3.12/lib/python3.12/site-packages/jinja2/environment.py", line 942, in handle_exception
    raise rewrite_traceback_stack(source=source)
  File "/home/axa/public_html/jinja/templates/Login.html", line 34, in top-level template code
    <a href="{{ url_for('registro') }}">Registrarse</a>
    ^^^^^^^^^^^^^^^^^^^^^^^^^
  File "/home/axa/virtualenv/public_html/jinja/3.12/lib/python3.12/site-packages/flask/app.py", line 1121, in url_for
    return self.handle_url_build_error(error, endpoint, values)
           ^^^^^^^^^^^^^^^^^^^^^^^^^^^^^^^^^^^^^^^^^^^^^^^^^^^^
  File "/home/axa/virtualenv/public_html/jinja/3.12/lib/python3.12/site-packages/flask/app.py", line 1110, in url_for
    rv = url_adapter.build(  # type: ignore[union-attr]
         ^^^^^^^^^^^^^^^^^^^^^^^^^^^^^^^^^^^^^^^^^^^^^^
  File "/home/axa/virtualenv/public_html/jinja/3.12/lib/python3.12/site-packages/werkzeug/routing/map.py", line 901, in build
    raise BuildError(endpoint, values, method, self)
werkzeug.routing.exceptions.BuildError: Could not build url for endpoint 'registro'. Did you mean 'registrar_cliente' instead?
[2026-05-18 13:41:20,698] ERROR in app: Exception on /login [GET]
Traceback (most recent call last):
  File "/home/axa/virtualenv/public_html/jinja/3.12/lib/python3.12/site-packages/flask/app.py", line 1511, in wsgi_app
    response = self.full_dispatch_request()
               ^^^^^^^^^^^^^^^^^^^^^^^^^^^^
  File "/home/axa/virtualenv/public_html/jinja/3.12/lib/python3.12/site-packages/flask/app.py", line 919, in full_dispatch_request
    rv = self.handle_user_exception(e)
         ^^^^^^^^^^^^^^^^^^^^^^^^^^^^^
  File "/home/axa/virtualenv/public_html/jinja/3.12/lib/python3.12/site-packages/flask/app.py", line 917, in full_dispatch_request
    rv = self.dispatch_request()
         ^^^^^^^^^^^^^^^^^^^^^^^
  File "/home/axa/virtualenv/public_html/jinja/3.12/lib/python3.12/site-packages/flask/app.py", line 902, in dispatch_request
    return self.ensure_sync(self.view_functions[rule.endpoint])(**view_args)  # type: ignore[no-any-return]
           ^^^^^^^^^^^^^^^^^^^^^^^^^^^^^^^^^^^^^^^^^^^^^^^^^^^^^^^^^^^^^^^^^
  File "/home/axa/public_html/jinja/app.py", line 50, in login
    return render_template("Login.html", mensaje = mensaje)
           ^^^^^^^^^^^^^^^^^^^^^^^^^^^^^^^^^^^^^^^^^^^^^^^^
  File "/home/axa/virtualenv/public_html/jinja/3.12/lib/python3.12/site-packages/flask/templating.py", line 151, in render_template
    return _render(app, template, context)
           ^^^^^^^^^^^^^^^^^^^^^^^^^^^^^^^
  File "/home/axa/virtualenv/public_html/jinja/3.12/lib/python3.12/site-packages/flask/templating.py", line 132, in _render
    rv = template.render(context)
         ^^^^^^^^^^^^^^^^^^^^^^^^
  File "/home/axa/virtualenv/public_html/jinja/3.12/lib/python3.12/site-packages/jinja2/environment.py", line 1295, in render
    self.environment.handle_exception()
  File "/home/axa/virtualenv/public_html/jinja/3.12/lib/python3.12/site-packages/jinja2/environment.py", line 942, in handle_exception
    raise rewrite_traceback_stack(source=source)
  File "/home/axa/public_html/jinja/templates/Login.html", line 34, in top-level template code
    <a href="{{ url_for('registro') }}">Registrarse</a>
    ^^^^^^^^^^^^^^^^^^^^^^^^^
  File "/home/axa/virtualenv/public_html/jinja/3.12/lib/python3.12/site-packages/flask/app.py", line 1121, in url_for
    return self.handle_url_build_error(error, endpoint, values)
           ^^^^^^^^^^^^^^^^^^^^^^^^^^^^^^^^^^^^^^^^^^^^^^^^^^^^
  File "/home/axa/virtualenv/public_html/jinja/3.12/lib/python3.12/site-packages/flask/app.py", line 1110, in url_for
    rv = url_adapter.build(  # type: ignore[union-attr]
         ^^^^^^^^^^^^^^^^^^^^^^^^^^^^^^^^^^^^^^^^^^^^^^
  File "/home/axa/virtualenv/public_html/jinja/3.12/lib/python3.12/site-packages/werkzeug/routing/map.py", line 901, in build
    raise BuildError(endpoint, values, method, self)
werkzeug.routing.exceptions.BuildError: Could not build url for endpoint 'registro'. Did you mean 'registrar_cliente' instead?
[2026-05-18 13:57:17,033] ERROR in app: Exception on /login [GET]
Traceback (most recent call last):
  File "/home/axa/virtualenv/public_html/jinja/3.12/lib/python3.12/site-packages/flask/app.py", line 1511, in wsgi_app
    response = self.full_dispatch_request()
               ^^^^^^^^^^^^^^^^^^^^^^^^^^^^
  File "/home/axa/virtualenv/public_html/jinja/3.12/lib/python3.12/site-packages/flask/app.py", line 919, in full_dispatch_request
    rv = self.handle_user_exception(e)
         ^^^^^^^^^^^^^^^^^^^^^^^^^^^^^
  File "/home/axa/virtualenv/public_html/jinja/3.12/lib/python3.12/site-packages/flask/app.py", line 917, in full_dispatch_request
    rv = self.dispatch_request()
         ^^^^^^^^^^^^^^^^^^^^^^^
  File "/home/axa/virtualenv/public_html/jinja/3.12/lib/python3.12/site-packages/flask/app.py", line 902, in dispatch_request
    return self.ensure_sync(self.view_functions[rule.endpoint])(**view_args)  # type: ignore[no-any-return]
           ^^^^^^^^^^^^^^^^^^^^^^^^^^^^^^^^^^^^^^^^^^^^^^^^^^^^^^^^^^^^^^^^^
  File "/home/axa/public_html/jinja/app.py", line 50, in login
    return render_template("Login.html", mensaje = mensaje)
           ^^^^^^^^^^^^^^^^^^^^^^^^^^^^^^^^^^^^^^^^^^^^^^^^
  File "/home/axa/virtualenv/public_html/jinja/3.12/lib/python3.12/site-packages/flask/templating.py", line 151, in render_template
    return _render(app, template, context)
           ^^^^^^^^^^^^^^^^^^^^^^^^^^^^^^^
  File "/home/axa/virtualenv/public_html/jinja/3.12/lib/python3.12/site-packages/flask/templating.py", line 132, in _render
    rv = template.render(context)
         ^^^^^^^^^^^^^^^^^^^^^^^^
  File "/home/axa/virtualenv/public_html/jinja/3.12/lib/python3.12/site-packages/jinja2/environment.py", line 1295, in render
    self.environment.handle_exception()
  File "/home/axa/virtualenv/public_html/jinja/3.12/lib/python3.12/site-packages/jinja2/environment.py", line 942, in handle_exception
    raise rewrite_traceback_stack(source=source)
  File "/home/axa/public_html/jinja/templates/Login.html", line 16, in top-level template code
    <a href="{{ url_for('pagina_principal') }}">
    ^^^^^^^^^^^^^^^^^^^^^^^^^
  File "/home/axa/virtualenv/public_html/jinja/3.12/lib/python3.12/site-packages/flask/app.py", line 1121, in url_for
    return self.handle_url_build_error(error, endpoint, values)
           ^^^^^^^^^^^^^^^^^^^^^^^^^^^^^^^^^^^^^^^^^^^^^^^^^^^^
  File "/home/axa/virtualenv/public_html/jinja/3.12/lib/python3.12/site-packages/flask/app.py", line 1110, in url_for
    rv = url_adapter.build(  # type: ignore[union-attr]
         ^^^^^^^^^^^^^^^^^^^^^^^^^^^^^^^^^^^^^^^^^^^^^^
  File "/home/axa/virtualenv/public_html/jinja/3.12/lib/python3.12/site-packages/werkzeug/routing/map.py", line 901, in build
    raise BuildError(endpoint, values, method, self)
werkzeug.routing.exceptions.BuildError: Could not build url for endpoint 'pagina_principal'. Did you mean 'ordenar_por_precio' instead?
[2026-05-18 14:03:58,562] ERROR in app: Exception on /Pagina_Principal [GET]
Traceback (most recent call last):
  File "/home/axa/virtualenv/public_html/jinja/3.12/lib/python3.12/site-packages/flask/app.py", line 1511, in wsgi_app
    response = self.full_dispatch_request()
               ^^^^^^^^^^^^^^^^^^^^^^^^^^^^
  File "/home/axa/virtualenv/public_html/jinja/3.12/lib/python3.12/site-packages/flask/app.py", line 919, in full_dispatch_request
    rv = self.handle_user_exception(e)
         ^^^^^^^^^^^^^^^^^^^^^^^^^^^^^
  File "/home/axa/virtualenv/public_html/jinja/3.12/lib/python3.12/site-packages/flask/app.py", line 917, in full_dispatch_request
    rv = self.dispatch_request()
         ^^^^^^^^^^^^^^^^^^^^^^^
  File "/home/axa/virtualenv/public_html/jinja/3.12/lib/python3.12/site-packages/flask/app.py", line 902, in dispatch_request
    return self.ensure_sync(self.view_functions[rule.endpoint])(**view_args)  # type: ignore[no-any-return]
           ^^^^^^^^^^^^^^^^^^^^^^^^^^^^^^^^^^^^^^^^^^^^^^^^^^^^^^^^^^^^^^^^^
  File "/home/axa/public_html/jinja/app.py", line 21, in index
    return render_template("index.html")
           ^^^^^^^^^^^^^^^^^^^^^^^^^^^^^
  File "/home/axa/virtualenv/public_html/jinja/3.12/lib/python3.12/site-packages/flask/templating.py", line 151, in render_template
    return _render(app, template, context)
           ^^^^^^^^^^^^^^^^^^^^^^^^^^^^^^^
  File "/home/axa/virtualenv/public_html/jinja/3.12/lib/python3.12/site-packages/flask/templating.py", line 132, in _render
    rv = template.render(context)
         ^^^^^^^^^^^^^^^^^^^^^^^^
  File "/home/axa/virtualenv/public_html/jinja/3.12/lib/python3.12/site-packages/jinja2/environment.py", line 1295, in render
    self.environment.handle_exception()
  File "/home/axa/virtualenv/public_html/jinja/3.12/lib/python3.12/site-packages/jinja2/environment.py", line 942, in handle_exception
    raise rewrite_traceback_stack(source=source)
  File "/home/axa/public_html/jinja/templates/index.html", line 16, in top-level template code
    <a href="{{ url_for('Pagina_Principal') }}">
    ^^^^^^^^^^^^^^^^^^^^^^^^^
  File "/home/axa/virtualenv/public_html/jinja/3.12/lib/python3.12/site-packages/flask/app.py", line 1121, in url_for
    return self.handle_url_build_error(error, endpoint, values)
           ^^^^^^^^^^^^^^^^^^^^^^^^^^^^^^^^^^^^^^^^^^^^^^^^^^^^
  File "/home/axa/virtualenv/public_html/jinja/3.12/lib/python3.12/site-packages/flask/app.py", line 1110, in url_for
    rv = url_adapter.build(  # type: ignore[union-attr]
         ^^^^^^^^^^^^^^^^^^^^^^^^^^^^^^^^^^^^^^^^^^^^^^
  File "/home/axa/virtualenv/public_html/jinja/3.12/lib/python3.12/site-packages/werkzeug/routing/map.py", line 901, in build
    raise BuildError(endpoint, values, method, self)
werkzeug.routing.exceptions.BuildError: Could not build url for endpoint 'Pagina_Principal'. Did you mean 'registrar_cliente' instead?
[2026-05-18 14:04:56,962] ERROR in app: Exception on /Pagina_Principal [GET]
Traceback (most recent call last):
  File "/home/axa/virtualenv/public_html/jinja/3.12/lib/python3.12/site-packages/flask/app.py", line 1511, in wsgi_app
    response = self.full_dispatch_request()
               ^^^^^^^^^^^^^^^^^^^^^^^^^^^^
  File "/home/axa/virtualenv/public_html/jinja/3.12/lib/python3.12/site-packages/flask/app.py", line 919, in full_dispatch_request
    rv = self.handle_user_exception(e)
         ^^^^^^^^^^^^^^^^^^^^^^^^^^^^^
  File "/home/axa/virtualenv/public_html/jinja/3.12/lib/python3.12/site-packages/flask/app.py", line 917, in full_dispatch_request
    rv = self.dispatch_request()
         ^^^^^^^^^^^^^^^^^^^^^^^
  File "/home/axa/virtualenv/public_html/jinja/3.12/lib/python3.12/site-packages/flask/app.py", line 902, in dispatch_request
    return self.ensure_sync(self.view_functions[rule.endpoint])(**view_args)  # type: ignore[no-any-return]
           ^^^^^^^^^^^^^^^^^^^^^^^^^^^^^^^^^^^^^^^^^^^^^^^^^^^^^^^^^^^^^^^^^
  File "/home/axa/public_html/jinja/app.py", line 21, in index
    return render_template("index.html")
           ^^^^^^^^^^^^^^^^^^^^^^^^^^^^^
  File "/home/axa/virtualenv/public_html/jinja/3.12/lib/python3.12/site-packages/flask/templating.py", line 151, in render_template
    return _render(app, template, context)
           ^^^^^^^^^^^^^^^^^^^^^^^^^^^^^^^
  File "/home/axa/virtualenv/public_html/jinja/3.12/lib/python3.12/site-packages/flask/templating.py", line 132, in _render
    rv = template.render(context)
         ^^^^^^^^^^^^^^^^^^^^^^^^
  File "/home/axa/virtualenv/public_html/jinja/3.12/lib/python3.12/site-packages/jinja2/environment.py", line 1295, in render
    self.environment.handle_exception()
  File "/home/axa/virtualenv/public_html/jinja/3.12/lib/python3.12/site-packages/jinja2/environment.py", line 942, in handle_exception
    raise rewrite_traceback_stack(source=source)
  File "/home/axa/public_html/jinja/templates/index.html", line 16, in top-level template code
    <a href="{{ url_for('pagina_principal') }}">
    ^^^^^^^^^^^^^^^^^^^^^^^^^
  File "/home/axa/virtualenv/public_html/jinja/3.12/lib/python3.12/site-packages/flask/app.py", line 1121, in url_for
    return self.handle_url_build_error(error, endpoint, values)
           ^^^^^^^^^^^^^^^^^^^^^^^^^^^^^^^^^^^^^^^^^^^^^^^^^^^^
  File "/home/axa/virtualenv/public_html/jinja/3.12/lib/python3.12/site-packages/flask/app.py", line 1110, in url_for
    rv = url_adapter.build(  # type: ignore[union-attr]
         ^^^^^^^^^^^^^^^^^^^^^^^^^^^^^^^^^^^^^^^^^^^^^^
  File "/home/axa/virtualenv/public_html/jinja/3.12/lib/python3.12/site-packages/werkzeug/routing/map.py", line 901, in build
    raise BuildError(endpoint, values, method, self)
werkzeug.routing.exceptions.BuildError: Could not build url for endpoint 'pagina_principal'. Did you mean 'ordenar_por_precio' instead?
[2026-05-18 14:07:02,741] ERROR in app: Exception on /login [GET]
Traceback (most recent call last):
  File "/home/axa/virtualenv/public_html/jinja/3.12/lib/python3.12/site-packages/flask/app.py", line 1511, in wsgi_app
    response = self.full_dispatch_request()
               ^^^^^^^^^^^^^^^^^^^^^^^^^^^^
  File "/home/axa/virtualenv/public_html/jinja/3.12/lib/python3.12/site-packages/flask/app.py", line 919, in full_dispatch_request
    rv = self.handle_user_exception(e)
         ^^^^^^^^^^^^^^^^^^^^^^^^^^^^^
  File "/home/axa/virtualenv/public_html/jinja/3.12/lib/python3.12/site-packages/flask/app.py", line 917, in full_dispatch_request
    rv = self.dispatch_request()
         ^^^^^^^^^^^^^^^^^^^^^^^
  File "/home/axa/virtualenv/public_html/jinja/3.12/lib/python3.12/site-packages/flask/app.py", line 902, in dispatch_request
    return self.ensure_sync(self.view_functions[rule.endpoint])(**view_args)  # type: ignore[no-any-return]
           ^^^^^^^^^^^^^^^^^^^^^^^^^^^^^^^^^^^^^^^^^^^^^^^^^^^^^^^^^^^^^^^^^
  File "/home/axa/public_html/jinja/app.py", line 50, in login
    return render_template("Login.html", mensaje = mensaje)
           ^^^^^^^^^^^^^^^^^^^^^^^^^^^^^^^^^^^^^^^^^^^^^^^^
  File "/home/axa/virtualenv/public_html/jinja/3.12/lib/python3.12/site-packages/flask/templating.py", line 151, in render_template
    return _render(app, template, context)
           ^^^^^^^^^^^^^^^^^^^^^^^^^^^^^^^
  File "/home/axa/virtualenv/public_html/jinja/3.12/lib/python3.12/site-packages/flask/templating.py", line 132, in _render
    rv = template.render(context)
         ^^^^^^^^^^^^^^^^^^^^^^^^
  File "/home/axa/virtualenv/public_html/jinja/3.12/lib/python3.12/site-packages/jinja2/environment.py", line 1295, in render
    self.environment.handle_exception()
  File "/home/axa/virtualenv/public_html/jinja/3.12/lib/python3.12/site-packages/jinja2/environment.py", line 942, in handle_exception
    raise rewrite_traceback_stack(source=source)
  File "/home/axa/public_html/jinja/templates/Login.html", line 16, in top-level template code
    <a href="{{ url_for('Pagina_Principal') }}">
    ^^^^^^^^^^^^^^^^^^^^^^^^^
  File "/home/axa/virtualenv/public_html/jinja/3.12/lib/python3.12/site-packages/flask/app.py", line 1121, in url_for
    return self.handle_url_build_error(error, endpoint, values)
           ^^^^^^^^^^^^^^^^^^^^^^^^^^^^^^^^^^^^^^^^^^^^^^^^^^^^
  File "/home/axa/virtualenv/public_html/jinja/3.12/lib/python3.12/site-packages/flask/app.py", line 1110, in url_for
    rv = url_adapter.build(  # type: ignore[union-attr]
         ^^^^^^^^^^^^^^^^^^^^^^^^^^^^^^^^^^^^^^^^^^^^^^
  File "/home/axa/virtualenv/public_html/jinja/3.12/lib/python3.12/site-packages/werkzeug/routing/map.py", line 901, in build
    raise BuildError(endpoint, values, method, self)
werkzeug.routing.exceptions.BuildError: Could not build url for endpoint 'Pagina_Principal'. Did you mean 'registrar_cliente' instead?
[2026-05-18 14:07:45,924] ERROR in app: Exception on /login [GET]
Traceback (most recent call last):
  File "/home/axa/virtualenv/public_html/jinja/3.12/lib/python3.12/site-packages/flask/app.py", line 1511, in wsgi_app
    response = self.full_dispatch_request()
               ^^^^^^^^^^^^^^^^^^^^^^^^^^^^
  File "/home/axa/virtualenv/public_html/jinja/3.12/lib/python3.12/site-packages/flask/app.py", line 919, in full_dispatch_request
    rv = self.handle_user_exception(e)
         ^^^^^^^^^^^^^^^^^^^^^^^^^^^^^
  File "/home/axa/virtualenv/public_html/jinja/3.12/lib/python3.12/site-packages/flask/app.py", line 917, in full_dispatch_request
    rv = self.dispatch_request()
         ^^^^^^^^^^^^^^^^^^^^^^^
  File "/home/axa/virtualenv/public_html/jinja/3.12/lib/python3.12/site-packages/flask/app.py", line 902, in dispatch_request
    return self.ensure_sync(self.view_functions[rule.endpoint])(**view_args)  # type: ignore[no-any-return]
           ^^^^^^^^^^^^^^^^^^^^^^^^^^^^^^^^^^^^^^^^^^^^^^^^^^^^^^^^^^^^^^^^^
  File "/home/axa/public_html/jinja/app.py", line 50, in login
    return render_template("Login.html", mensaje = mensaje)
           ^^^^^^^^^^^^^^^^^^^^^^^^^^^^^^^^^^^^^^^^^^^^^^^^
  File "/home/axa/virtualenv/public_html/jinja/3.12/lib/python3.12/site-packages/flask/templating.py", line 151, in render_template
    return _render(app, template, context)
           ^^^^^^^^^^^^^^^^^^^^^^^^^^^^^^^
  File "/home/axa/virtualenv/public_html/jinja/3.12/lib/python3.12/site-packages/flask/templating.py", line 132, in _render
    rv = template.render(context)
         ^^^^^^^^^^^^^^^^^^^^^^^^
  File "/home/axa/virtualenv/public_html/jinja/3.12/lib/python3.12/site-packages/jinja2/environment.py", line 1295, in render
    self.environment.handle_exception()
  File "/home/axa/virtualenv/public_html/jinja/3.12/lib/python3.12/site-packages/jinja2/environment.py", line 942, in handle_exception
    raise rewrite_traceback_stack(source=source)
  File "/home/axa/public_html/jinja/templates/Login.html", line 16, in top-level template code
    <a href="{{ url_for('Pagina_Principal') }}">
    ^^^^^^^^^^^^^^^^^^^^^^^^^
  File "/home/axa/virtualenv/public_html/jinja/3.12/lib/python3.12/site-packages/flask/app.py", line 1121, in url_for
    return self.handle_url_build_error(error, endpoint, values)
           ^^^^^^^^^^^^^^^^^^^^^^^^^^^^^^^^^^^^^^^^^^^^^^^^^^^^
  File "/home/axa/virtualenv/public_html/jinja/3.12/lib/python3.12/site-packages/flask/app.py", line 1110, in url_for
    rv = url_adapter.build(  # type: ignore[union-attr]
         ^^^^^^^^^^^^^^^^^^^^^^^^^^^^^^^^^^^^^^^^^^^^^^
  File "/home/axa/virtualenv/public_html/jinja/3.12/lib/python3.12/site-packages/werkzeug/routing/map.py", line 901, in build
    raise BuildError(endpoint, values, method, self)
werkzeug.routing.exceptions.BuildError: Could not build url for endpoint 'Pagina_Principal'. Did you mean 'registrar_cliente' instead?
[2026-05-18 14:10:58,831] ERROR in app: Exception on /registrar_cliente [GET]
Traceback (most recent call last):
  File "/home/axa/virtualenv/public_html/jinja/3.12/lib/python3.12/site-packages/flask/app.py", line 1511, in wsgi_app
    response = self.full_dispatch_request()
               ^^^^^^^^^^^^^^^^^^^^^^^^^^^^
  File "/home/axa/virtualenv/public_html/jinja/3.12/lib/python3.12/site-packages/flask/app.py", line 919, in full_dispatch_request
    rv = self.handle_user_exception(e)
         ^^^^^^^^^^^^^^^^^^^^^^^^^^^^^
  File "/home/axa/virtualenv/public_html/jinja/3.12/lib/python3.12/site-packages/flask/app.py", line 917, in full_dispatch_request
    rv = self.dispatch_request()
         ^^^^^^^^^^^^^^^^^^^^^^^
  File "/home/axa/virtualenv/public_html/jinja/3.12/lib/python3.12/site-packages/flask/app.py", line 902, in dispatch_request
    return self.ensure_sync(self.view_functions[rule.endpoint])(**view_args)  # type: ignore[no-any-return]
           ^^^^^^^^^^^^^^^^^^^^^^^^^^^^^^^^^^^^^^^^^^^^^^^^^^^^^^^^^^^^^^^^^
  File "/home/axa/public_html/jinja/app.py", line 90, in registrar_cliente
    return render_template("Registro.html")
           ^^^^^^^^^^^^^^^^^^^^^^^^^^^^^^^^
  File "/home/axa/virtualenv/public_html/jinja/3.12/lib/python3.12/site-packages/flask/templating.py", line 150, in render_template
    template = app.jinja_env.get_or_select_template(template_name_or_list)
               ^^^^^^^^^^^^^^^^^^^^^^^^^^^^^^^^^^^^^^^^^^^^^^^^^^^^^^^^^^^
  File "/home/axa/virtualenv/public_html/jinja/3.12/lib/python3.12/site-packages/jinja2/environment.py", line 1087, in get_or_select_template
    return self.get_template(template_name_or_list, parent, globals)
           ^^^^^^^^^^^^^^^^^^^^^^^^^^^^^^^^^^^^^^^^^^^^^^^^^^^^^^^^^
  File "/home/axa/virtualenv/public_html/jinja/3.12/lib/python3.12/site-packages/jinja2/environment.py", line 1016, in get_template
    return self._load_template(name, globals)
           ^^^^^^^^^^^^^^^^^^^^^^^^^^^^^^^^^^
  File "/home/axa/virtualenv/public_html/jinja/3.12/lib/python3.12/site-packages/jinja2/environment.py", line 975, in _load_template
    template = self.loader.load(self, name, self.make_globals(globals))
               ^^^^^^^^^^^^^^^^^^^^^^^^^^^^^^^^^^^^^^^^^^^^^^^^^^^^^^^^
  File "/home/axa/virtualenv/public_html/jinja/3.12/lib/python3.12/site-packages/jinja2/loaders.py", line 126, in load
    source, filename, uptodate = self.get_source(environment, name)
                                 ^^^^^^^^^^^^^^^^^^^^^^^^^^^^^^^^^^
  File "/home/axa/virtualenv/public_html/jinja/3.12/lib/python3.12/site-packages/flask/templating.py", line 66, in get_source
    return self._get_source_fast(environment, template)
           ^^^^^^^^^^^^^^^^^^^^^^^^^^^^^^^^^^^^^^^^^^^^
  File "/home/axa/virtualenv/public_html/jinja/3.12/lib/python3.12/site-packages/flask/templating.py", line 100, in _get_source_fast
    raise TemplateNotFound(template)
jinja2.exceptions.TemplateNotFound: Registro.html
[2026-05-18 14:18:21,577] ERROR in app: Exception on / [GET]
Traceback (most recent call last):
  File "/home/axa/virtualenv/public_html/jinja/3.12/lib/python3.12/site-packages/flask/app.py", line 1511, in wsgi_app
    response = self.full_dispatch_request()
               ^^^^^^^^^^^^^^^^^^^^^^^^^^^^
  File "/home/axa/virtualenv/public_html/jinja/3.12/lib/python3.12/site-packages/flask/app.py", line 919, in full_dispatch_request
    rv = self.handle_user_exception(e)
         ^^^^^^^^^^^^^^^^^^^^^^^^^^^^^
  File "/home/axa/virtualenv/public_html/jinja/3.12/lib/python3.12/site-packages/flask/app.py", line 917, in full_dispatch_request
    rv = self.dispatch_request()
         ^^^^^^^^^^^^^^^^^^^^^^^
  File "/home/axa/virtualenv/public_html/jinja/3.12/lib/python3.12/site-packages/flask/app.py", line 902, in dispatch_request
    return self.ensure_sync(self.view_functions[rule.endpoint])(**view_args)  # type: ignore[no-any-return]
           ^^^^^^^^^^^^^^^^^^^^^^^^^^^^^^^^^^^^^^^^^^^^^^^^^^^^^^^^^^^^^^^^^
  File "/home/axa/public_html/jinja/app.py", line 17, in home
    return render_template("index.html")
           ^^^^^^^^^^^^^^^^^^^^^^^^^^^^^
  File "/home/axa/virtualenv/public_html/jinja/3.12/lib/python3.12/site-packages/flask/templating.py", line 151, in render_template
    return _render(app, template, context)
           ^^^^^^^^^^^^^^^^^^^^^^^^^^^^^^^
  File "/home/axa/virtualenv/public_html/jinja/3.12/lib/python3.12/site-packages/flask/templating.py", line 132, in _render
    rv = template.render(context)
         ^^^^^^^^^^^^^^^^^^^^^^^^
  File "/home/axa/virtualenv/public_html/jinja/3.12/lib/python3.12/site-packages/jinja2/environment.py", line 1295, in render
    self.environment.handle_exception()
  File "/home/axa/virtualenv/public_html/jinja/3.12/lib/python3.12/site-packages/jinja2/environment.py", line 942, in handle_exception
    raise rewrite_traceback_stack(source=source)
  File "/home/axa/public_html/jinja/templates/index.html", line 16, in top-level template code
    <a href="{{ url_for('index') }}">
    ^^^^^^^^^^^^^^^^^^^^^^^^^
  File "/home/axa/virtualenv/public_html/jinja/3.12/lib/python3.12/site-packages/flask/app.py", line 1121, in url_for
    return self.handle_url_build_error(error, endpoint, values)
           ^^^^^^^^^^^^^^^^^^^^^^^^^^^^^^^^^^^^^^^^^^^^^^^^^^^^
  File "/home/axa/virtualenv/public_html/jinja/3.12/lib/python3.12/site-packages/flask/app.py", line 1110, in url_for
    rv = url_adapter.build(  # type: ignore[union-attr]
         ^^^^^^^^^^^^^^^^^^^^^^^^^^^^^^^^^^^^^^^^^^^^^^
  File "/home/axa/virtualenv/public_html/jinja/3.12/lib/python3.12/site-packages/werkzeug/routing/map.py", line 901, in build
    raise BuildError(endpoint, values, method, self)
werkzeug.routing.exceptions.BuildError: Could not build url for endpoint 'index'. Did you mean 'login' instead?
[2026-05-19 08:34:26,497] ERROR in app: Exception on /registrar_cliente [GET]
Traceback (most recent call last):
  File "/home/axa/virtualenv/public_html/jinja/3.12/lib/python3.12/site-packages/flask/app.py", line 1511, in wsgi_app
    response = self.full_dispatch_request()
               ^^^^^^^^^^^^^^^^^^^^^^^^^^^^
  File "/home/axa/virtualenv/public_html/jinja/3.12/lib/python3.12/site-packages/flask/app.py", line 919, in full_dispatch_request
    rv = self.handle_user_exception(e)
         ^^^^^^^^^^^^^^^^^^^^^^^^^^^^^
  File "/home/axa/virtualenv/public_html/jinja/3.12/lib/python3.12/site-packages/flask/app.py", line 917, in full_dispatch_request
    rv = self.dispatch_request()
         ^^^^^^^^^^^^^^^^^^^^^^^
  File "/home/axa/virtualenv/public_html/jinja/3.12/lib/python3.12/site-packages/flask/app.py", line 902, in dispatch_request
    return self.ensure_sync(self.view_functions[rule.endpoint])(**view_args)  # type: ignore[no-any-return]
           ^^^^^^^^^^^^^^^^^^^^^^^^^^^^^^^^^^^^^^^^^^^^^^^^^^^^^^^^^^^^^^^^^
  File "/home/axa/public_html/jinja/app.py", line 87, in registrar_cliente
    return render_template("Registro.html")
           ^^^^^^^^^^^^^^^^^^^^^^^^^^^^^^^^
  File "/home/axa/virtualenv/public_html/jinja/3.12/lib/python3.12/site-packages/flask/templating.py", line 150, in render_template
    template = app.jinja_env.get_or_select_template(template_name_or_list)
               ^^^^^^^^^^^^^^^^^^^^^^^^^^^^^^^^^^^^^^^^^^^^^^^^^^^^^^^^^^^
  File "/home/axa/virtualenv/public_html/jinja/3.12/lib/python3.12/site-packages/jinja2/environment.py", line 1087, in get_or_select_template
    return self.get_template(template_name_or_list, parent, globals)
           ^^^^^^^^^^^^^^^^^^^^^^^^^^^^^^^^^^^^^^^^^^^^^^^^^^^^^^^^^
  File "/home/axa/virtualenv/public_html/jinja/3.12/lib/python3.12/site-packages/jinja2/environment.py", line 1016, in get_template
    return self._load_template(name, globals)
           ^^^^^^^^^^^^^^^^^^^^^^^^^^^^^^^^^^
  File "/home/axa/virtualenv/public_html/jinja/3.12/lib/python3.12/site-packages/jinja2/environment.py", line 975, in _load_template
    template = self.loader.load(self, name, self.make_globals(globals))
               ^^^^^^^^^^^^^^^^^^^^^^^^^^^^^^^^^^^^^^^^^^^^^^^^^^^^^^^^
  File "/home/axa/virtualenv/public_html/jinja/3.12/lib/python3.12/site-packages/jinja2/loaders.py", line 126, in load
    source, filename, uptodate = self.get_source(environment, name)
                                 ^^^^^^^^^^^^^^^^^^^^^^^^^^^^^^^^^^
  File "/home/axa/virtualenv/public_html/jinja/3.12/lib/python3.12/site-packages/flask/templating.py", line 66, in get_source
    return self._get_source_fast(environment, template)
           ^^^^^^^^^^^^^^^^^^^^^^^^^^^^^^^^^^^^^^^^^^^^
  File "/home/axa/virtualenv/public_html/jinja/3.12/lib/python3.12/site-packages/flask/templating.py", line 100, in _get_source_fast
    raise TemplateNotFound(template)
jinja2.exceptions.TemplateNotFound: Registro.html
[2026-05-19 08:56:26,366] ERROR in app: Exception on / [GET]
Traceback (most recent call last):
  File "/home/axa/virtualenv/public_html/jinja/3.12/lib/python3.12/site-packages/flask/app.py", line 1511, in wsgi_app
    response = self.full_dispatch_request()
               ^^^^^^^^^^^^^^^^^^^^^^^^^^^^
  File "/home/axa/virtualenv/public_html/jinja/3.12/lib/python3.12/site-packages/flask/app.py", line 919, in full_dispatch_request
    rv = self.handle_user_exception(e)
         ^^^^^^^^^^^^^^^^^^^^^^^^^^^^^
  File "/home/axa/virtualenv/public_html/jinja/3.12/lib/python3.12/site-packages/flask/app.py", line 917, in full_dispatch_request
    rv = self.dispatch_request()
         ^^^^^^^^^^^^^^^^^^^^^^^
  File "/home/axa/virtualenv/public_html/jinja/3.12/lib/python3.12/site-packages/flask/app.py", line 902, in dispatch_request
    return self.ensure_sync(self.view_functions[rule.endpoint])(**view_args)  # type: ignore[no-any-return]
           ^^^^^^^^^^^^^^^^^^^^^^^^^^^^^^^^^^^^^^^^^^^^^^^^^^^^^^^^^^^^^^^^^
  File "/home/axa/public_html/jinja/app.py", line 17, in home
    return render_template("index.html")
           ^^^^^^^^^^^^^^^^^^^^^^^^^^^^^
  File "/home/axa/virtualenv/public_html/jinja/3.12/lib/python3.12/site-packages/flask/templating.py", line 151, in render_template
    return _render(app, template, context)
           ^^^^^^^^^^^^^^^^^^^^^^^^^^^^^^^
  File "/home/axa/virtualenv/public_html/jinja/3.12/lib/python3.12/site-packages/flask/templating.py", line 132, in _render
    rv = template.render(context)
         ^^^^^^^^^^^^^^^^^^^^^^^^
  File "/home/axa/virtualenv/public_html/jinja/3.12/lib/python3.12/site-packages/jinja2/environment.py", line 1295, in render
    self.environment.handle_exception()
  File "/home/axa/virtualenv/public_html/jinja/3.12/lib/python3.12/site-packages/jinja2/environment.py", line 942, in handle_exception
    raise rewrite_traceback_stack(source=source)
  File "/home/axa/public_html/jinja/templates/index.html", line 33, in top-level template code
    <a href="{{ url_for('resgitro') }}">Registrarse</a>
    ^^^^^^^^^^^^^^^^^^^^^^^^^
  File "/home/axa/virtualenv/public_html/jinja/3.12/lib/python3.12/site-packages/flask/app.py", line 1121, in url_for
    return self.handle_url_build_error(error, endpoint, values)
           ^^^^^^^^^^^^^^^^^^^^^^^^^^^^^^^^^^^^^^^^^^^^^^^^^^^^
  File "/home/axa/virtualenv/public_html/jinja/3.12/lib/python3.12/site-packages/flask/app.py", line 1110, in url_for
    rv = url_adapter.build(  # type: ignore[union-attr]
         ^^^^^^^^^^^^^^^^^^^^^^^^^^^^^^^^^^^^^^^^^^^^^^
  File "/home/axa/virtualenv/public_html/jinja/3.12/lib/python3.12/site-packages/werkzeug/routing/map.py", line 901, in build
    raise BuildError(endpoint, values, method, self)
werkzeug.routing.exceptions.BuildError: Could not build url for endpoint 'resgitro'. Did you mean 'registrar_cliente' instead?
[2026-05-19 08:57:22,737] ERROR in app: Exception on / [GET]
Traceback (most recent call last):
  File "/home/axa/virtualenv/public_html/jinja/3.12/lib/python3.12/site-packages/flask/app.py", line 1511, in wsgi_app
    response = self.full_dispatch_request()
               ^^^^^^^^^^^^^^^^^^^^^^^^^^^^
  File "/home/axa/virtualenv/public_html/jinja/3.12/lib/python3.12/site-packages/flask/app.py", line 919, in full_dispatch_request
    rv = self.handle_user_exception(e)
         ^^^^^^^^^^^^^^^^^^^^^^^^^^^^^
  File "/home/axa/virtualenv/public_html/jinja/3.12/lib/python3.12/site-packages/flask/app.py", line 917, in full_dispatch_request
    rv = self.dispatch_request()
         ^^^^^^^^^^^^^^^^^^^^^^^
  File "/home/axa/virtualenv/public_html/jinja/3.12/lib/python3.12/site-packages/flask/app.py", line 902, in dispatch_request
    return self.ensure_sync(self.view_functions[rule.endpoint])(**view_args)  # type: ignore[no-any-return]
           ^^^^^^^^^^^^^^^^^^^^^^^^^^^^^^^^^^^^^^^^^^^^^^^^^^^^^^^^^^^^^^^^^
  File "/home/axa/public_html/jinja/app.py", line 17, in home
    return render_template("index.html")
           ^^^^^^^^^^^^^^^^^^^^^^^^^^^^^
  File "/home/axa/virtualenv/public_html/jinja/3.12/lib/python3.12/site-packages/flask/templating.py", line 151, in render_template
    return _render(app, template, context)
           ^^^^^^^^^^^^^^^^^^^^^^^^^^^^^^^
  File "/home/axa/virtualenv/public_html/jinja/3.12/lib/python3.12/site-packages/flask/templating.py", line 132, in _render
    rv = template.render(context)
         ^^^^^^^^^^^^^^^^^^^^^^^^
  File "/home/axa/virtualenv/public_html/jinja/3.12/lib/python3.12/site-packages/jinja2/environment.py", line 1295, in render
    self.environment.handle_exception()
  File "/home/axa/virtualenv/public_html/jinja/3.12/lib/python3.12/site-packages/jinja2/environment.py", line 942, in handle_exception
    raise rewrite_traceback_stack(source=source)
  File "/home/axa/public_html/jinja/templates/index.html", line 33, in top-level template code
    <a href="{{ url_for('resgitro') }}">Registrarse</a>
    ^^^^^^^^^^^^^^^^^^^^^^^^^
  File "/home/axa/virtualenv/public_html/jinja/3.12/lib/python3.12/site-packages/flask/app.py", line 1121, in url_for
    return self.handle_url_build_error(error, endpoint, values)
           ^^^^^^^^^^^^^^^^^^^^^^^^^^^^^^^^^^^^^^^^^^^^^^^^^^^^
  File "/home/axa/virtualenv/public_html/jinja/3.12/lib/python3.12/site-packages/flask/app.py", line 1110, in url_for
    rv = url_adapter.build(  # type: ignore[union-attr]
         ^^^^^^^^^^^^^^^^^^^^^^^^^^^^^^^^^^^^^^^^^^^^^^
  File "/home/axa/virtualenv/public_html/jinja/3.12/lib/python3.12/site-packages/werkzeug/routing/map.py", line 901, in build
    raise BuildError(endpoint, values, method, self)
werkzeug.routing.exceptions.BuildError: Could not build url for endpoint 'resgitro'. Did you mean 'registrar_cliente' instead?
[2026-05-19 09:12:36,774] ERROR in app: Exception on / [GET]
Traceback (most recent call last):
  File "/home/axa/virtualenv/public_html/jinja/3.12/lib/python3.12/site-packages/flask/app.py", line 1511, in wsgi_app
    response = self.full_dispatch_request()
               ^^^^^^^^^^^^^^^^^^^^^^^^^^^^
  File "/home/axa/virtualenv/public_html/jinja/3.12/lib/python3.12/site-packages/flask/app.py", line 919, in full_dispatch_request
    rv = self.handle_user_exception(e)
         ^^^^^^^^^^^^^^^^^^^^^^^^^^^^^
  File "/home/axa/virtualenv/public_html/jinja/3.12/lib/python3.12/site-packages/flask/app.py", line 917, in full_dispatch_request
    rv = self.dispatch_request()
         ^^^^^^^^^^^^^^^^^^^^^^^
  File "/home/axa/virtualenv/public_html/jinja/3.12/lib/python3.12/site-packages/flask/app.py", line 902, in dispatch_request
    return self.ensure_sync(self.view_functions[rule.endpoint])(**view_args)  # type: ignore[no-any-return]
           ^^^^^^^^^^^^^^^^^^^^^^^^^^^^^^^^^^^^^^^^^^^^^^^^^^^^^^^^^^^^^^^^^
  File "/home/axa/public_html/jinja/app.py", line 17, in home
    return render_template("index.html")
           ^^^^^^^^^^^^^^^^^^^^^^^^^^^^^
  File "/home/axa/virtualenv/public_html/jinja/3.12/lib/python3.12/site-packages/flask/templating.py", line 151, in render_template
    return _render(app, template, context)
           ^^^^^^^^^^^^^^^^^^^^^^^^^^^^^^^
  File "/home/axa/virtualenv/public_html/jinja/3.12/lib/python3.12/site-packages/flask/templating.py", line 132, in _render
    rv = template.render(context)
         ^^^^^^^^^^^^^^^^^^^^^^^^
  File "/home/axa/virtualenv/public_html/jinja/3.12/lib/python3.12/site-packages/jinja2/environment.py", line 1295, in render
    self.environment.handle_exception()
  File "/home/axa/virtualenv/public_html/jinja/3.12/lib/python3.12/site-packages/jinja2/environment.py", line 942, in handle_exception
    raise rewrite_traceback_stack(source=source)
  File "/home/axa/public_html/jinja/templates/index.html", line 20, in top-level template code
    <a href="{{ url_for('Mueble_personalizado') }}" class="Apartados">Personalizacion Muebles</a>
    ^^^^^^^^^^^^^^^^^^^^^^^^^
  File "/home/axa/virtualenv/public_html/jinja/3.12/lib/python3.12/site-packages/flask/app.py", line 1121, in url_for
    return self.handle_url_build_error(error, endpoint, values)
           ^^^^^^^^^^^^^^^^^^^^^^^^^^^^^^^^^^^^^^^^^^^^^^^^^^^^
  File "/home/axa/virtualenv/public_html/jinja/3.12/lib/python3.12/site-packages/flask/app.py", line 1110, in url_for
    rv = url_adapter.build(  # type: ignore[union-attr]
         ^^^^^^^^^^^^^^^^^^^^^^^^^^^^^^^^^^^^^^^^^^^^^^
  File "/home/axa/virtualenv/public_html/jinja/3.12/lib/python3.12/site-packages/werkzeug/routing/map.py", line 901, in build
    raise BuildError(endpoint, values, method, self)
werkzeug.routing.exceptions.BuildError: Could not build url for endpoint 'Mueble_personalizado'. Did you mean 'filtrar_por_seccion' instead?
[2026-05-19 09:16:43,715] ERROR in app: Exception on / [GET]
Traceback (most recent call last):
  File "/home/axa/virtualenv/public_html/jinja/3.12/lib/python3.12/site-packages/flask/app.py", line 1511, in wsgi_app
    response = self.full_dispatch_request()
               ^^^^^^^^^^^^^^^^^^^^^^^^^^^^
  File "/home/axa/virtualenv/public_html/jinja/3.12/lib/python3.12/site-packages/flask/app.py", line 919, in full_dispatch_request
    rv = self.handle_user_exception(e)
         ^^^^^^^^^^^^^^^^^^^^^^^^^^^^^
  File "/home/axa/virtualenv/public_html/jinja/3.12/lib/python3.12/site-packages/flask/app.py", line 917, in full_dispatch_request
    rv = self.dispatch_request()
         ^^^^^^^^^^^^^^^^^^^^^^^
  File "/home/axa/virtualenv/public_html/jinja/3.12/lib/python3.12/site-packages/flask/app.py", line 902, in dispatch_request
    return self.ensure_sync(self.view_functions[rule.endpoint])(**view_args)  # type: ignore[no-any-return]
           ^^^^^^^^^^^^^^^^^^^^^^^^^^^^^^^^^^^^^^^^^^^^^^^^^^^^^^^^^^^^^^^^^
  File "/home/axa/public_html/jinja/app.py", line 17, in home
    return render_template("index.html")
           ^^^^^^^^^^^^^^^^^^^^^^^^^^^^^
  File "/home/axa/virtualenv/public_html/jinja/3.12/lib/python3.12/site-packages/flask/templating.py", line 151, in render_template
    return _render(app, template, context)
           ^^^^^^^^^^^^^^^^^^^^^^^^^^^^^^^
  File "/home/axa/virtualenv/public_html/jinja/3.12/lib/python3.12/site-packages/flask/templating.py", line 132, in _render
    rv = template.render(context)
         ^^^^^^^^^^^^^^^^^^^^^^^^
  File "/home/axa/virtualenv/public_html/jinja/3.12/lib/python3.12/site-packages/jinja2/environment.py", line 1295, in render
    self.environment.handle_exception()
  File "/home/axa/virtualenv/public_html/jinja/3.12/lib/python3.12/site-packages/jinja2/environment.py", line 942, in handle_exception
    raise rewrite_traceback_stack(source=source)
  File "/home/axa/public_html/jinja/templates/index.html", line 20, in top-level template code
    <a href="{{ url_for('Mueble_personalizado') }}" class="Apartados">Personalizacion Muebles</a>
    ^^^^^^^^^^^^^^^^^^^^^^^^^
  File "/home/axa/virtualenv/public_html/jinja/3.12/lib/python3.12/site-packages/flask/app.py", line 1121, in url_for
    return self.handle_url_build_error(error, endpoint, values)
           ^^^^^^^^^^^^^^^^^^^^^^^^^^^^^^^^^^^^^^^^^^^^^^^^^^^^
  File "/home/axa/virtualenv/public_html/jinja/3.12/lib/python3.12/site-packages/flask/app.py", line 1110, in url_for
    rv = url_adapter.build(  # type: ignore[union-attr]
         ^^^^^^^^^^^^^^^^^^^^^^^^^^^^^^^^^^^^^^^^^^^^^^
  File "/home/axa/virtualenv/public_html/jinja/3.12/lib/python3.12/site-packages/werkzeug/routing/map.py", line 901, in build
    raise BuildError(endpoint, values, method, self)
werkzeug.routing.exceptions.BuildError: Could not build url for endpoint 'Mueble_personalizado'. Did you mean 'filtrar_por_seccion' instead?
[2026-05-19 09:19:44,662] ERROR in app: Exception on / [GET]
Traceback (most recent call last):
  File "/home/axa/virtualenv/public_html/jinja/3.12/lib/python3.12/site-packages/flask/app.py", line 1511, in wsgi_app
    response = self.full_dispatch_request()
               ^^^^^^^^^^^^^^^^^^^^^^^^^^^^
  File "/home/axa/virtualenv/public_html/jinja/3.12/lib/python3.12/site-packages/flask/app.py", line 919, in full_dispatch_request
    rv = self.handle_user_exception(e)
         ^^^^^^^^^^^^^^^^^^^^^^^^^^^^^
  File "/home/axa/virtualenv/public_html/jinja/3.12/lib/python3.12/site-packages/flask/app.py", line 917, in full_dispatch_request
    rv = self.dispatch_request()
         ^^^^^^^^^^^^^^^^^^^^^^^
  File "/home/axa/virtualenv/public_html/jinja/3.12/lib/python3.12/site-packages/flask/app.py", line 902, in dispatch_request
    return self.ensure_sync(self.view_functions[rule.endpoint])(**view_args)  # type: ignore[no-any-return]
           ^^^^^^^^^^^^^^^^^^^^^^^^^^^^^^^^^^^^^^^^^^^^^^^^^^^^^^^^^^^^^^^^^
  File "/home/axa/public_html/jinja/app.py", line 17, in home
    return render_template("index.html")
           ^^^^^^^^^^^^^^^^^^^^^^^^^^^^^
  File "/home/axa/virtualenv/public_html/jinja/3.12/lib/python3.12/site-packages/flask/templating.py", line 151, in render_template
    return _render(app, template, context)
           ^^^^^^^^^^^^^^^^^^^^^^^^^^^^^^^
  File "/home/axa/virtualenv/public_html/jinja/3.12/lib/python3.12/site-packages/flask/templating.py", line 132, in _render
    rv = template.render(context)
         ^^^^^^^^^^^^^^^^^^^^^^^^
  File "/home/axa/virtualenv/public_html/jinja/3.12/lib/python3.12/site-packages/jinja2/environment.py", line 1295, in render
    self.environment.handle_exception()
  File "/home/axa/virtualenv/public_html/jinja/3.12/lib/python3.12/site-packages/jinja2/environment.py", line 942, in handle_exception
    raise rewrite_traceback_stack(source=source)
  File "/home/axa/public_html/jinja/templates/index.html", line 20, in top-level template code
    <a href="{{ url_for('Mueble_personalizado') }}" class="Apartados">Personalizacion Muebles</a>
    ^^^^^^^^^^^^^^^^^^^^^^^^^
  File "/home/axa/virtualenv/public_html/jinja/3.12/lib/python3.12/site-packages/flask/app.py", line 1121, in url_for
    return self.handle_url_build_error(error, endpoint, values)
           ^^^^^^^^^^^^^^^^^^^^^^^^^^^^^^^^^^^^^^^^^^^^^^^^^^^^
  File "/home/axa/virtualenv/public_html/jinja/3.12/lib/python3.12/site-packages/flask/app.py", line 1110, in url_for
    rv = url_adapter.build(  # type: ignore[union-attr]
         ^^^^^^^^^^^^^^^^^^^^^^^^^^^^^^^^^^^^^^^^^^^^^^
  File "/home/axa/virtualenv/public_html/jinja/3.12/lib/python3.12/site-packages/werkzeug/routing/map.py", line 901, in build
    raise BuildError(endpoint, values, method, self)
werkzeug.routing.exceptions.BuildError: Could not build url for endpoint 'Mueble_personalizado'. Did you mean 'filtrar_por_seccion' instead?
[2026-05-19 09:20:08,616] ERROR in app: Exception on / [GET]
Traceback (most recent call last):
  File "/home/axa/virtualenv/public_html/jinja/3.12/lib/python3.12/site-packages/flask/app.py", line 1511, in wsgi_app
    response = self.full_dispatch_request()
               ^^^^^^^^^^^^^^^^^^^^^^^^^^^^
  File "/home/axa/virtualenv/public_html/jinja/3.12/lib/python3.12/site-packages/flask/app.py", line 919, in full_dispatch_request
    rv = self.handle_user_exception(e)
         ^^^^^^^^^^^^^^^^^^^^^^^^^^^^^
  File "/home/axa/virtualenv/public_html/jinja/3.12/lib/python3.12/site-packages/flask/app.py", line 917, in full_dispatch_request
    rv = self.dispatch_request()
         ^^^^^^^^^^^^^^^^^^^^^^^
  File "/home/axa/virtualenv/public_html/jinja/3.12/lib/python3.12/site-packages/flask/app.py", line 902, in dispatch_request
    return self.ensure_sync(self.view_functions[rule.endpoint])(**view_args)  # type: ignore[no-any-return]
           ^^^^^^^^^^^^^^^^^^^^^^^^^^^^^^^^^^^^^^^^^^^^^^^^^^^^^^^^^^^^^^^^^
  File "/home/axa/public_html/jinja/app.py", line 17, in home
    return render_template("index.html")
           ^^^^^^^^^^^^^^^^^^^^^^^^^^^^^
  File "/home/axa/virtualenv/public_html/jinja/3.12/lib/python3.12/site-packages/flask/templating.py", line 151, in render_template
    return _render(app, template, context)
           ^^^^^^^^^^^^^^^^^^^^^^^^^^^^^^^
  File "/home/axa/virtualenv/public_html/jinja/3.12/lib/python3.12/site-packages/flask/templating.py", line 132, in _render
    rv = template.render(context)
         ^^^^^^^^^^^^^^^^^^^^^^^^
  File "/home/axa/virtualenv/public_html/jinja/3.12/lib/python3.12/site-packages/jinja2/environment.py", line 1295, in render
    self.environment.handle_exception()
  File "/home/axa/virtualenv/public_html/jinja/3.12/lib/python3.12/site-packages/jinja2/environment.py", line 942, in handle_exception
    raise rewrite_traceback_stack(source=source)
  File "/home/axa/public_html/jinja/templates/index.html", line 20, in top-level template code
    <a href="{{ url_for('Mueble_personalizado') }}" class="Apartados">Personalizacion Muebles</a>
    ^^^^^^^^^^^^^^^^^^^^^^^^^
  File "/home/axa/virtualenv/public_html/jinja/3.12/lib/python3.12/site-packages/flask/app.py", line 1121, in url_for
    return self.handle_url_build_error(error, endpoint, values)
           ^^^^^^^^^^^^^^^^^^^^^^^^^^^^^^^^^^^^^^^^^^^^^^^^^^^^
  File "/home/axa/virtualenv/public_html/jinja/3.12/lib/python3.12/site-packages/flask/app.py", line 1110, in url_for
    rv = url_adapter.build(  # type: ignore[union-attr]
         ^^^^^^^^^^^^^^^^^^^^^^^^^^^^^^^^^^^^^^^^^^^^^^
  File "/home/axa/virtualenv/public_html/jinja/3.12/lib/python3.12/site-packages/werkzeug/routing/map.py", line 901, in build
    raise BuildError(endpoint, values, method, self)
werkzeug.routing.exceptions.BuildError: Could not build url for endpoint 'Mueble_personalizado'. Did you mean 'filtrar_por_seccion' instead?
[2026-05-19 09:22:48,849] ERROR in app: Exception on / [GET]
Traceback (most recent call last):
  File "/home/axa/virtualenv/public_html/jinja/3.12/lib/python3.12/site-packages/flask/app.py", line 1511, in wsgi_app
    response = self.full_dispatch_request()
               ^^^^^^^^^^^^^^^^^^^^^^^^^^^^
  File "/home/axa/virtualenv/public_html/jinja/3.12/lib/python3.12/site-packages/flask/app.py", line 919, in full_dispatch_request
    rv = self.handle_user_exception(e)
         ^^^^^^^^^^^^^^^^^^^^^^^^^^^^^
  File "/home/axa/virtualenv/public_html/jinja/3.12/lib/python3.12/site-packages/flask/app.py", line 917, in full_dispatch_request
    rv = self.dispatch_request()
         ^^^^^^^^^^^^^^^^^^^^^^^
  File "/home/axa/virtualenv/public_html/jinja/3.12/lib/python3.12/site-packages/flask/app.py", line 902, in dispatch_request
    return self.ensure_sync(self.view_functions[rule.endpoint])(**view_args)  # type: ignore[no-any-return]
           ^^^^^^^^^^^^^^^^^^^^^^^^^^^^^^^^^^^^^^^^^^^^^^^^^^^^^^^^^^^^^^^^^
  File "/home/axa/public_html/jinja/app.py", line 17, in home
    return render_template("index.html")
           ^^^^^^^^^^^^^^^^^^^^^^^^^^^^^
  File "/home/axa/virtualenv/public_html/jinja/3.12/lib/python3.12/site-packages/flask/templating.py", line 151, in render_template
    return _render(app, template, context)
           ^^^^^^^^^^^^^^^^^^^^^^^^^^^^^^^
  File "/home/axa/virtualenv/public_html/jinja/3.12/lib/python3.12/site-packages/flask/templating.py", line 132, in _render
    rv = template.render(context)
         ^^^^^^^^^^^^^^^^^^^^^^^^
  File "/home/axa/virtualenv/public_html/jinja/3.12/lib/python3.12/site-packages/jinja2/environment.py", line 1295, in render
    self.environment.handle_exception()
  File "/home/axa/virtualenv/public_html/jinja/3.12/lib/python3.12/site-packages/jinja2/environment.py", line 942, in handle_exception
    raise rewrite_traceback_stack(source=source)
  File "/home/axa/public_html/jinja/templates/index.html", line 20, in top-level template code
    <a href="{{ url_for('Form_crear_mueble.html') }}" class="Apartados">Personalizacion Muebles</a>
    ^^^^^^^^^^^^^^^^^^^^^^^^^
  File "/home/axa/virtualenv/public_html/jinja/3.12/lib/python3.12/site-packages/flask/app.py", line 1121, in url_for
    return self.handle_url_build_error(error, endpoint, values)
           ^^^^^^^^^^^^^^^^^^^^^^^^^^^^^^^^^^^^^^^^^^^^^^^^^^^^
  File "/home/axa/virtualenv/public_html/jinja/3.12/lib/python3.12/site-packages/flask/app.py", line 1110, in url_for
    rv = url_adapter.build(  # type: ignore[union-attr]
         ^^^^^^^^^^^^^^^^^^^^^^^^^^^^^^^^^^^^^^^^^^^^^^
  File "/home/axa/virtualenv/public_html/jinja/3.12/lib/python3.12/site-packages/werkzeug/routing/map.py", line 901, in build
    raise BuildError(endpoint, values, method, self)
werkzeug.routing.exceptions.BuildError: Could not build url for endpoint 'Mueble_personalizado'. Did you mean 'filtrar_por_seccion' instead?
[2026-05-19 09:39:58,478] ERROR in app: Exception on /personalizar_muebles [GET]
Traceback (most recent call last):
  File "/home/axa/virtualenv/public_html/jinja/3.12/lib/python3.12/site-packages/flask/app.py", line 1511, in wsgi_app
    response = self.full_dispatch_request()
               ^^^^^^^^^^^^^^^^^^^^^^^^^^^^
  File "/home/axa/virtualenv/public_html/jinja/3.12/lib/python3.12/site-packages/flask/app.py", line 919, in full_dispatch_request
    rv = self.handle_user_exception(e)
         ^^^^^^^^^^^^^^^^^^^^^^^^^^^^^
  File "/home/axa/virtualenv/public_html/jinja/3.12/lib/python3.12/site-packages/flask/app.py", line 917, in full_dispatch_request
    rv = self.dispatch_request()
         ^^^^^^^^^^^^^^^^^^^^^^^
  File "/home/axa/virtualenv/public_html/jinja/3.12/lib/python3.12/site-packages/flask/app.py", line 902, in dispatch_request
    return self.ensure_sync(self.view_functions[rule.endpoint])(**view_args)  # type: ignore[no-any-return]
           ^^^^^^^^^^^^^^^^^^^^^^^^^^^^^^^^^^^^^^^^^^^^^^^^^^^^^^^^^^^^^^^^^
  File "/home/axa/public_html/jinja/app.py", line 260, in personalizar_muebles
    return render_template("Form_crear_mueble.html")
           ^^^^^^^^^^^^^^^^^^^^^^^^^^^^^^^^^^^^^^^^^
  File "/home/axa/virtualenv/public_html/jinja/3.12/lib/python3.12/site-packages/flask/templating.py", line 151, in render_template
    return _render(app, template, context)
           ^^^^^^^^^^^^^^^^^^^^^^^^^^^^^^^
  File "/home/axa/virtualenv/public_html/jinja/3.12/lib/python3.12/site-packages/flask/templating.py", line 132, in _render
    rv = template.render(context)
         ^^^^^^^^^^^^^^^^^^^^^^^^
  File "/home/axa/virtualenv/public_html/jinja/3.12/lib/python3.12/site-packages/jinja2/environment.py", line 1295, in render
    self.environment.handle_exception()
  File "/home/axa/virtualenv/public_html/jinja/3.12/lib/python3.12/site-packages/jinja2/environment.py", line 942, in handle_exception
    raise rewrite_traceback_stack(source=source)
  File "/home/axa/public_html/jinja/templates/Form_crear_mueble.html", line 34, in top-level template code
    <a href="{{ url_for('resgitro') }}">Registrarse</a>
    ^^^^^^^^^^^^^^^^^^^^^^^^^
  File "/home/axa/virtualenv/public_html/jinja/3.12/lib/python3.12/site-packages/flask/app.py", line 1121, in url_for
    return self.handle_url_build_error(error, endpoint, values)
           ^^^^^^^^^^^^^^^^^^^^^^^^^^^^^^^^^^^^^^^^^^^^^^^^^^^^
  File "/home/axa/virtualenv/public_html/jinja/3.12/lib/python3.12/site-packages/flask/app.py", line 1110, in url_for
    rv = url_adapter.build(  # type: ignore[union-attr]
         ^^^^^^^^^^^^^^^^^^^^^^^^^^^^^^^^^^^^^^^^^^^^^^
  File "/home/axa/virtualenv/public_html/jinja/3.12/lib/python3.12/site-packages/werkzeug/routing/map.py", line 901, in build
    raise BuildError(endpoint, values, method, self)
werkzeug.routing.exceptions.BuildError: Could not build url for endpoint 'resgitro'. Did you mean 'registro' instead?
